timestamp,symbol,expiry,atm,type,strike,oi,delta_oi,score
2025-11-12 00:19:28,NIFTY,18-Nov-2025,25700,Support,25600,53532,0,53532
2025-11-12 00:19:28,NIFTY,18-Nov-2025,25700,Support,25500,53417,0,53417
2025-11-12 00:19:28,NIFTY,18-Nov-2025,25700,Support,25700,42948,0,42948
2025-11-12 00:19:28,NIFTY,18-Nov-2025,25700,Resistance,25700,46929,0,46929
2025-11-12 00:19:28,NIFTY,18-Nov-2025,25700,Resistance,25800,45068,0,45068
2025-11-12 00:19:28,NIFTY,18-Nov-2025,25700,Resistance,25600,32749,0,32749
2025-11-12 00:20:30,NIFTY,18-Nov-2025,25700,Support,25600,53532,0,53532
2025-11-12 00:20:30,NIFTY,18-Nov-2025,25700,Support,25500,53417,0,53417
2025-11-12 00:20:30,NIFTY,18-Nov-2025,25700,Support,25700,42948,0,42948
2025-11-12 00:20:30,NIFTY,18-Nov-2025,25700,Resistance,25700,46929,0,46929
2025-11-12 00:20:30,NIFTY,18-Nov-2025,25700,Resistance,25800,45068,0,45068
2025-11-12 00:20:30,NIFTY,18-Nov-2025,25700,Resistance,25600,32749,0,32749
2025-11-12 00:21:29,NIFTY,18-Nov-2025,25700,Support,25600,53532,0,53532
2025-11-12 00:21:29,NIFTY,18-Nov-2025,25700,Support,25500,53417,0,53417
2025-11-12 00:21:29,NIFTY,18-Nov-2025,25700,Support,25700,42948,0,42948
2025-11-12 00:21:29,NIFTY,18-Nov-2025,25700,Resistance,25700,46929,0,46929
2025-11-12 00:21:29,NIFTY,18-Nov-2025,25700,Resistance,25800,45068,0,45068
2025-11-12 00:21:29,NIFTY,18-Nov-2025,25700,Resistance,25600,32749,0,32749
2025-11-12 09:13:59,NIFTY,18-Nov-2025,25700,Support,25600,53532,0,53532
2025-11-12 09:13:59,NIFTY,18-Nov-2025,25700,Support,25500,53417,0,53417
2025-11-12 09:13:59,NIFTY,18-Nov-2025,25700,Support,25700,42948,0,42948
2025-11-12 09:13:59,NIFTY,18-Nov-2025,25700,Resistance,25700,46929,0,46929
2025-11-12 09:13:59,NIFTY,18-Nov-2025,25700,Resistance,25800,45068,0,45068
2025-11-12 09:13:59,NIFTY,18-Nov-2025,25700,Resistance,25600,32749,0,32749
2025-11-12 09:15:04,NIFTY,18-Nov-2025,25700,Support,25600,53532,0,53532
2025-11-12 09:15:04,NIFTY,18-Nov-2025,25700,Support,25500,53417,0,53417
2025-11-12 09:15:04,NIFTY,18-Nov-2025,25700,Support,25700,42948,0,42948
2025-11-12 09:15:04,NIFTY,18-Nov-2025,25700,Resistance,25700,46929,0,46929
2025-11-12 09:15:04,NIFTY,18-Nov-2025,25700,Resistance,25800,45068,0,45068
2025-11-12 09:15:04,NIFTY,18-Nov-2025,25700,Resistance,25600,32749,0,32749
2025-11-12 09:16:04,NIFTY,18-Nov-2025,25700,Support,25600,53532,0,53532
2025-11-12 09:16:04,NIFTY,18-Nov-2025,25700,Support,25500,53417,0,53417
2025-11-12 09:16:04,NIFTY,18-Nov-2025,25700,Support,25700,42948,0,42948
2025-11-12 09:16:04,NIFTY,18-Nov-2025,25700,Resistance,25700,46929,0,46929
2025-11-12 09:16:04,NIFTY,18-Nov-2025,25700,Resistance,25800,45068,0,45068
2025-11-12 09:16:04,NIFTY,18-Nov-2025,25700,Resistance,25600,32749,0,32749
2025-11-12 09:17:03,NIFTY,18-Nov-2025,25700,Support,25600,53532,0,53532
2025-11-12 09:17:03,NIFTY,18-Nov-2025,25700,Support,25500,53417,0,53417
2025-11-12 09:17:03,NIFTY,18-Nov-2025,25700,Support,25700,42948,0,42948
2025-11-12 09:17:03,NIFTY,18-Nov-2025,25700,Resistance,25750,16036,0,16036
2025-11-12 09:17:03,NIFTY,18-Nov-2025,25700,Resistance,25850,11541,0,11541
2025-11-12 09:17:03,NIFTY,18-Nov-2025,25700,Resistance,25950,10713,0,10713
2025-11-12 09:18:03,NIFTY,18-Nov-2025,25800,Support,25600,53532,0,53532
2025-11-12 09:18:03,NIFTY,18-Nov-2025,25800,Support,25650,20329,20329,50822
2025-11-12 09:18:03,NIFTY,18-Nov-2025,25800,Support,25550,18085,18085,45212
2025-11-12 09:18:03,NIFTY,18-Nov-2025,25800,Resistance,25700,46929,46929,117322
2025-11-12 09:18:03,NIFTY,18-Nov-2025,25800,Resistance,25800,45068,45068,112670
2025-11-12 09:18:03,NIFTY,18-Nov-2025,25800,Resistance,25600,32749,32749,81872
2025-11-12 09:19:03,NIFTY,18-Nov-2025,25800,Support,25800,44125,24679,81143
2025-11-12 09:19:03,NIFTY,18-Nov-2025,25800,Support,25600,57645,4113,63814
2025-11-12 09:19:03,NIFTY,18-Nov-2025,25800,Support,25700,49132,6184,58408
2025-11-12 09:19:03,NIFTY,18-Nov-2025,25800,Resistance,26000,74067,4503,80821
2025-11-12 09:19:03,NIFTY,18-Nov-2025,25800,Resistance,25800,50548,5480,58768
2025-11-12 09:19:03,NIFTY,18-Nov-2025,25800,Resistance,25900,36401,7046,46970
2025-11-12 09:20:04,NIFTY,18-Nov-2025,25800,Support,25600,57645,0,57645
2025-11-12 09:20:04,NIFTY,18-Nov-2025,25800,Support,25700,49132,0,49132
2025-11-12 09:20:04,NIFTY,18-Nov-2025,25800,Support,25800,44125,0,44125
2025-11-12 09:20:04,NIFTY,18-Nov-2025,25800,Resistance,26000,74067,0,74067
2025-11-12 09:20:04,NIFTY,18-Nov-2025,25800,Resistance,25800,50548,0,50548
2025-11-12 09:20:04,NIFTY,18-Nov-2025,25800,Resistance,25700,45525,0,45525
2025-11-12 09:21:03,NIFTY,18-Nov-2025,25800,Support,25600,57645,0,57645
2025-11-12 09:21:03,NIFTY,18-Nov-2025,25800,Support,25700,49132,0,49132
2025-11-12 09:21:03,NIFTY,18-Nov-2025,25800,Support,25800,44125,0,44125
2025-11-12 09:21:03,NIFTY,18-Nov-2025,25800,Resistance,26000,74067,0,74067
2025-11-12 09:21:03,NIFTY,18-Nov-2025,25800,Resistance,25800,50548,0,50548
2025-11-12 09:21:03,NIFTY,18-Nov-2025,25800,Resistance,25700,45525,0,45525
2025-11-12 09:22:03,NIFTY,18-Nov-2025,25800,Support,25600,57645,0,57645
2025-11-12 09:22:03,NIFTY,18-Nov-2025,25800,Support,25700,49132,0,49132
2025-11-12 09:22:03,NIFTY,18-Nov-2025,25800,Support,25800,44125,0,44125
2025-11-12 09:22:03,NIFTY,18-Nov-2025,25800,Resistance,26000,74067,0,74067
2025-11-12 09:22:03,NIFTY,18-Nov-2025,25800,Resistance,25800,50548,0,50548
2025-11-12 09:22:03,NIFTY,18-Nov-2025,25800,Resistance,25700,45525,0,45525
2025-11-12 09:23:03,NIFTY,18-Nov-2025,25800,Support,25600,57645,0,57645
2025-11-12 09:23:03,NIFTY,18-Nov-2025,25800,Support,25700,49132,0,49132
2025-11-12 09:23:03,NIFTY,18-Nov-2025,25800,Support,25800,44125,0,44125
2025-11-12 09:23:03,NIFTY,18-Nov-2025,25800,Resistance,26000,74067,0,74067
2025-11-12 09:23:03,NIFTY,18-Nov-2025,25800,Resistance,25800,50548,0,50548
2025-11-12 09:23:03,NIFTY,18-Nov-2025,25800,Resistance,25700,45525,0,45525
2025-11-12 09:24:04,NIFTY,18-Nov-2025,25800,Support,25800,77611,33486,127840
2025-11-12 09:24:04,NIFTY,18-Nov-2025,25800,Support,25700,57386,8254,69767
2025-11-12 09:24:04,NIFTY,18-Nov-2025,25800,Support,25600,62264,4619,69192
2025-11-12 09:24:04,NIFTY,18-Nov-2025,25800,Resistance,26000,88644,14577,110509
2025-11-12 09:24:04,NIFTY,18-Nov-2025,25800,Resistance,25800,64559,14011,85575
2025-11-12 09:24:04,NIFTY,18-Nov-2025,25800,Resistance,25900,51807,15406,74916
2025-11-12 09:25:03,NIFTY,18-Nov-2025,25800,Support,25800,77611,0,77611
2025-11-12 09:25:03,NIFTY,18-Nov-2025,25800,Support,25600,62264,0,62264
2025-11-12 09:25:03,NIFTY,18-Nov-2025,25800,Support,25700,57386,0,57386
2025-11-12 09:25:03,NIFTY,18-Nov-2025,25800,Resistance,26000,88644,0,88644
2025-11-12 09:25:03,NIFTY,18-Nov-2025,25800,Resistance,25800,64559,0,64559
2025-11-12 09:25:03,NIFTY,18-Nov-2025,25800,Resistance,25900,51807,0,51807
2025-11-12 09:26:03,NIFTY,18-Nov-2025,25850,Support,25800,90670,13059,110258
2025-11-12 09:26:03,NIFTY,18-Nov-2025,25850,Support,25700,62365,4979,69833
2025-11-12 09:26:03,NIFTY,18-Nov-2025,25850,Support,25600,63065,801,64266
2025-11-12 09:26:03,NIFTY,18-Nov-2025,25850,Resistance,26000,94046,5402,102149
2025-11-12 09:26:03,NIFTY,18-Nov-2025,25850,Resistance,25800,70539,5980,79509
2025-11-12 09:26:03,NIFTY,18-Nov-2025,25850,Resistance,25900,59195,7388,70277
2025-11-12 09:27:04,NIFTY,18-Nov-2025,25800,Support,25800,90670,0,90670
2025-11-12 09:27:04,NIFTY,18-Nov-2025,25800,Support,25600,63065,0,63065
2025-11-12 09:27:04,NIFTY,18-Nov-2025,25800,Support,25700,62365,0,62365
2025-11-12 09:27:04,NIFTY,18-Nov-2025,25800,Resistance,26000,94046,0,94046
2025-11-12 09:27:04,NIFTY,18-Nov-2025,25800,Resistance,25800,70539,0,70539
2025-11-12 09:27:04,NIFTY,18-Nov-2025,25800,Resistance,25900,59195,0,59195
2025-11-12 09:28:05,NIFTY,18-Nov-2025,25850,Support,25800,90670,0,90670
2025-11-12 09:28:05,NIFTY,18-Nov-2025,25850,Support,25600,63065,0,63065
2025-11-12 09:28:05,NIFTY,18-Nov-2025,25850,Support,25700,62365,0,62365
2025-11-12 09:28:05,NIFTY,18-Nov-2025,25850,Resistance,26000,94046,0,94046
2025-11-12 09:28:05,NIFTY,18-Nov-2025,25850,Resistance,25800,70539,0,70539
2025-11-12 09:28:05,NIFTY,18-Nov-2025,25850,Resistance,25900,59195,0,59195
2025-11-12 09:29:06,NIFTY,18-Nov-2025,25850,Support,25800,104134,13464,124330
2025-11-12 09:29:06,NIFTY,18-Nov-2025,25850,Support,25600,66423,3358,71460
2025-11-12 09:29:06,NIFTY,18-Nov-2025,25850,Support,25700,64829,2464,68525
2025-11-12 09:29:06,NIFTY,18-Nov-2025,25850,Resistance,26000,92590,-1456,92590
2025-11-12 09:29:06,NIFTY,18-Nov-2025,25850,Resistance,25800,71717,1178,73484
2025-11-12 09:29:06,NIFTY,18-Nov-2025,25850,Resistance,25900,60397,1202,62200
2025-11-12 09:30:07,NIFTY,18-Nov-2025,25800,Support,25800,104134,0,104134
2025-11-12 09:30:07,NIFTY,18-Nov-2025,25800,Support,25600,66423,0,66423
2025-11-12 09:30:07,NIFTY,18-Nov-2025,25800,Support,25700,64829,0,64829
2025-11-12 09:30:07,NIFTY,18-Nov-2025,25800,Resistance,26000,92590,0,92590
2025-11-12 09:30:07,NIFTY,18-Nov-2025,25800,Resistance,25800,71717,0,71717
2025-11-12 09:30:07,NIFTY,18-Nov-2025,25800,Resistance,25900,60397,0,60397
2025-11-12 09:31:08,NIFTY,18-Nov-2025,25800,Support,25800,104134,0,104134
2025-11-12 09:31:08,NIFTY,18-Nov-2025,25800,Support,25600,66423,0,66423
2025-11-12 09:31:08,NIFTY,18-Nov-2025,25800,Support,25700,64829,0,64829
2025-11-12 09:31:08,NIFTY,18-Nov-2025,25800,Resistance,26000,92590,0,92590
2025-11-12 09:31:08,NIFTY,18-Nov-2025,25800,Resistance,25800,71717,0,71717
2025-11-12 09:31:08,NIFTY,18-Nov-2025,25800,Resistance,25900,60397,0,60397
2025-11-12 09:32:09,NIFTY,18-Nov-2025,25800,Support,25800,116533,12399,135131
2025-11-12 09:32:09,NIFTY,18-Nov-2025,25800,Support,25700,67068,2239,70426
2025-11-12 09:32:09,NIFTY,18-Nov-2025,25800,Support,25600,67952,1529,70245
2025-11-12 09:32:09,NIFTY,18-Nov-2025,25800,Resistance,26000,99966,7376,111030
2025-11-12 09:32:09,NIFTY,18-Nov-2025,25800,Resistance,25800,77975,6258,87362
2025-11-12 09:32:09,NIFTY,18-Nov-2025,25800,Resistance,25900,66385,5988,75367
2025-11-12 09:33:10,NIFTY,18-Nov-2025,25800,Support,25800,116533,0,116533
2025-11-12 09:33:10,NIFTY,18-Nov-2025,25800,Support,25600,67952,0,67952
2025-11-12 09:33:10,NIFTY,18-Nov-2025,25800,Support,25700,67068,0,67068
2025-11-12 09:33:10,NIFTY,18-Nov-2025,25800,Resistance,26000,99966,0,99966
2025-11-12 09:33:10,NIFTY,18-Nov-2025,25800,Resistance,25800,77975,0,77975
2025-11-12 09:33:10,NIFTY,18-Nov-2025,25800,Resistance,25900,66385,0,66385
2025-11-12 09:34:11,NIFTY,18-Nov-2025,25800,Support,25800,116533,0,116533
2025-11-12 09:34:11,NIFTY,18-Nov-2025,25800,Support,25600,67952,0,67952
2025-11-12 09:34:11,NIFTY,18-Nov-2025,25800,Support,25700,67068,0,67068
2025-11-12 09:34:11,NIFTY,18-Nov-2025,25800,Resistance,26000,99966,0,99966
2025-11-12 09:34:11,NIFTY,18-Nov-2025,25800,Resistance,25800,77975,0,77975
2025-11-12 09:34:11,NIFTY,18-Nov-2025,25800,Resistance,25900,66385,0,66385
2025-11-12 09:35:12,NIFTY,18-Nov-2025,25800,Support,25800,126118,9585,140495
2025-11-12 09:35:12,NIFTY,18-Nov-2025,25800,Support,25700,71778,4710,78843
2025-11-12 09:35:12,NIFTY,18-Nov-2025,25800,Support,25600,68321,369,68874
2025-11-12 09:35:12,NIFTY,18-Nov-2025,25800,Resistance,26000,106723,6757,116858
2025-11-12 09:35:12,NIFTY,18-Nov-2025,25800,Resistance,25800,82839,4864,90135
2025-11-12 09:35:12,NIFTY,18-Nov-2025,25800,Resistance,25900,70941,4556,77775
2025-11-12 09:36:13,NIFTY,18-Nov-2025,25800,Support,25800,126118,0,126118
2025-11-12 09:36:13,NIFTY,18-Nov-2025,25800,Support,25700,71778,0,71778
2025-11-12 09:36:13,NIFTY,18-Nov-2025,25800,Support,25600,68321,0,68321
2025-11-12 09:36:13,NIFTY,18-Nov-2025,25800,Resistance,26000,106723,0,106723
2025-11-12 09:36:13,NIFTY,18-Nov-2025,25800,Resistance,25800,82839,0,82839
2025-11-12 09:36:13,NIFTY,18-Nov-2025,25800,Resistance,25900,70941,0,70941
2025-11-12 09:37:14,NIFTY,18-Nov-2025,25800,Support,25800,126118,0,126118
2025-11-12 09:37:14,NIFTY,18-Nov-2025,25800,Support,25700,71778,0,71778
2025-11-12 09:37:14,NIFTY,18-Nov-2025,25800,Support,25600,68321,0,68321
2025-11-12 09:37:14,NIFTY,18-Nov-2025,25800,Resistance,26000,106723,0,106723
2025-11-12 09:37:14,NIFTY,18-Nov-2025,25800,Resistance,25800,82839,0,82839
2025-11-12 09:37:14,NIFTY,18-Nov-2025,25800,Resistance,25900,70941,0,70941
2025-11-12 09:38:15,NIFTY,18-Nov-2025,25800,Support,25800,126118,0,126118
2025-11-12 09:38:15,NIFTY,18-Nov-2025,25800,Support,25700,71778,0,71778
2025-11-12 09:38:15,NIFTY,18-Nov-2025,25800,Support,25600,68321,0,68321
2025-11-12 09:38:15,NIFTY,18-Nov-2025,25800,Resistance,26000,106723,0,106723
2025-11-12 09:38:15,NIFTY,18-Nov-2025,25800,Resistance,25800,82839,0,82839
2025-11-12 09:38:15,NIFTY,18-Nov-2025,25800,Resistance,25900,70941,0,70941
2025-11-12 09:39:16,NIFTY,18-Nov-2025,25800,Support,25800,124396,-1722,124396
2025-11-12 09:39:16,NIFTY,18-Nov-2025,25800,Support,25700,73598,1820,76328
2025-11-12 09:39:16,NIFTY,18-Nov-2025,25800,Support,25600,68750,429,69393
2025-11-12 09:39:16,NIFTY,18-Nov-2025,25800,Resistance,26000,112130,5407,120240
2025-11-12 09:39:16,NIFTY,18-Nov-2025,25800,Resistance,25800,93063,10224,108399
2025-11-12 09:39:16,NIFTY,18-Nov-2025,25800,Resistance,25900,76801,5860,85591
2025-11-12 09:40:17,NIFTY,18-Nov-2025,25800,Support,25800,135270,10874,151581
2025-11-12 09:40:17,NIFTY,18-Nov-2025,25800,Support,25700,78221,4623,85155
2025-11-12 09:40:17,NIFTY,18-Nov-2025,25800,Support,25600,70664,1914,73535
2025-11-12 09:40:17,NIFTY,18-Nov-2025,25800,Resistance,26000,113767,1637,116222
2025-11-12 09:40:17,NIFTY,18-Nov-2025,25800,Resistance,25800,95151,2088,98283
2025-11-12 09:40:17,NIFTY,18-Nov-2025,25800,Resistance,25900,78926,2125,82113
2025-11-12 09:41:18,NIFTY,18-Nov-2025,25800,Support,25800,135270,0,135270
2025-11-12 09:41:18,NIFTY,18-Nov-2025,25800,Support,25700,78221,0,78221
2025-11-12 09:41:18,NIFTY,18-Nov-2025,25800,Support,25600,70664,0,70664
2025-11-12 09:41:18,NIFTY,18-Nov-2025,25800,Resistance,26000,113767,0,113767
2025-11-12 09:41:18,NIFTY,18-Nov-2025,25800,Resistance,25800,95151,0,95151
2025-11-12 09:41:18,NIFTY,18-Nov-2025,25800,Resistance,25900,78926,0,78926
2025-11-12 09:42:19,NIFTY,18-Nov-2025,25800,Support,25800,135270,0,135270
2025-11-12 09:42:19,NIFTY,18-Nov-2025,25800,Support,25700,78221,0,78221
2025-11-12 09:42:19,NIFTY,18-Nov-2025,25800,Support,25600,70664,0,70664
2025-11-12 09:42:19,NIFTY,18-Nov-2025,25800,Resistance,26000,113767,0,113767
2025-11-12 09:42:19,NIFTY,18-Nov-2025,25800,Resistance,25800,95151,0,95151
2025-11-12 09:42:19,NIFTY,18-Nov-2025,25800,Resistance,25900,78926,0,78926
2025-11-12 09:43:20,NIFTY,18-Nov-2025,25800,Support,25800,133106,-2164,133106
2025-11-12 09:43:20,NIFTY,18-Nov-2025,25800,Support,25700,79803,1582,82176
2025-11-12 09:43:20,NIFTY,18-Nov-2025,25800,Support,25600,70523,-141,70523
2025-11-12 09:43:20,NIFTY,18-Nov-2025,25800,Resistance,26000,117724,3957,123659
2025-11-12 09:43:20,NIFTY,18-Nov-2025,25800,Resistance,25800,98649,3498,103896
2025-11-12 09:43:20,NIFTY,18-Nov-2025,25800,Resistance,25900,81246,2320,84726
2025-11-12 09:44:21,NIFTY,18-Nov-2025,25850,Support,25800,133106,0,133106
2025-11-12 09:44:21,NIFTY,18-Nov-2025,25850,Support,25700,79803,0,79803
2025-11-12 09:44:21,NIFTY,18-Nov-2025,25850,Support,25600,70523,0,70523
2025-11-12 09:44:21,NIFTY,18-Nov-2025,25850,Resistance,26000,117724,0,117724
2025-11-12 09:44:21,NIFTY,18-Nov-2025,25850,Resistance,25800,98649,0,98649
2025-11-12 09:44:21,NIFTY,18-Nov-2025,25850,Resistance,25900,81246,0,81246
2025-11-12 09:45:22,NIFTY,18-Nov-2025,25850,Support,25800,133106,0,133106
2025-11-12 09:45:22,NIFTY,18-Nov-2025,25850,Support,25700,79803,0,79803
2025-11-12 09:45:22,NIFTY,18-Nov-2025,25850,Support,25600,70523,0,70523
2025-11-12 09:45:22,NIFTY,18-Nov-2025,25850,Resistance,26000,117724,0,117724
2025-11-12 09:45:22,NIFTY,18-Nov-2025,25850,Resistance,25800,98649,0,98649
2025-11-12 09:45:22,NIFTY,18-Nov-2025,25850,Resistance,25900,81246,0,81246
2025-11-12 09:46:23,NIFTY,18-Nov-2025,25850,Support,25800,133106,0,133106
2025-11-12 09:46:23,NIFTY,18-Nov-2025,25850,Support,25700,79803,0,79803
2025-11-12 09:46:23,NIFTY,18-Nov-2025,25850,Support,25600,70523,0,70523
2025-11-12 09:46:23,NIFTY,18-Nov-2025,25850,Resistance,26000,117724,0,117724
2025-11-12 09:46:23,NIFTY,18-Nov-2025,25850,Resistance,25800,98649,0,98649
2025-11-12 09:46:23,NIFTY,18-Nov-2025,25850,Resistance,25900,81246,0,81246
2025-11-12 09:47:24,NIFTY,18-Nov-2025,25850,Support,25800,117264,-15842,117264
2025-11-12 09:47:24,NIFTY,18-Nov-2025,25850,Support,25700,74041,-5762,74041
2025-11-12 09:47:24,NIFTY,18-Nov-2025,25850,Support,25600,69932,-591,69932
2025-11-12 09:47:24,NIFTY,18-Nov-2025,25850,Resistance,26000,124672,6948,135094
2025-11-12 09:47:24,NIFTY,18-Nov-2025,25850,Resistance,25800,105664,7015,116186
2025-11-12 09:47:24,NIFTY,18-Nov-2025,25850,Resistance,25900,86219,4973,93678
2025-11-12 09:48:24,NIFTY,18-Nov-2025,25850,Support,25800,117264,0,117264
2025-11-12 09:48:24,NIFTY,18-Nov-2025,25850,Support,25700,74041,0,74041
2025-11-12 09:48:24,NIFTY,18-Nov-2025,25850,Support,25600,69932,0,69932
2025-11-12 09:48:24,NIFTY,18-Nov-2025,25850,Resistance,26000,124672,0,124672
2025-11-12 09:48:24,NIFTY,18-Nov-2025,25850,Resistance,25800,105664,0,105664
2025-11-12 09:48:24,NIFTY,18-Nov-2025,25850,Resistance,25900,86219,0,86219
2025-11-12 09:57:19,NIFTY,18-Nov-2025,25850,Support,25800,134548,0,134548
2025-11-12 09:57:19,NIFTY,18-Nov-2025,25850,Support,25700,79550,0,79550
2025-11-12 09:57:19,NIFTY,18-Nov-2025,25850,Support,25600,72952,0,72952
2025-11-12 09:57:19,NIFTY,18-Nov-2025,25850,Resistance,26000,126346,0,126346
2025-11-12 09:57:19,NIFTY,18-Nov-2025,25850,Resistance,25800,102847,0,102847
2025-11-12 09:57:19,NIFTY,18-Nov-2025,25850,Resistance,25900,92385,0,92385
2025-11-12 09:58:21,NIFTY,18-Nov-2025,25850,Support,25800,132164,-2384,132164
2025-11-12 09:58:21,NIFTY,18-Nov-2025,25850,Support,25700,79092,-458,79092
2025-11-12 09:58:21,NIFTY,18-Nov-2025,25850,Support,25600,73481,529,74274
2025-11-12 09:58:21,NIFTY,18-Nov-2025,25850,Resistance,26000,128294,1948,131216
2025-11-12 09:58:21,NIFTY,18-Nov-2025,25850,Resistance,25800,102392,-455,102392
2025-11-12 09:58:21,NIFTY,18-Nov-2025,25850,Resistance,25900,95637,3252,100515
2025-11-12 09:59:21,NIFTY,18-Nov-2025,25850,Support,25800,132164,0,132164
2025-11-12 09:59:21,NIFTY,18-Nov-2025,25850,Support,25700,79092,0,79092
2025-11-12 09:59:21,NIFTY,18-Nov-2025,25850,Support,25600,73481,0,73481
2025-11-12 09:59:21,NIFTY,18-Nov-2025,25850,Resistance,26000,128294,0,128294
2025-11-12 09:59:21,NIFTY,18-Nov-2025,25850,Resistance,25800,102392,0,102392
2025-11-12 09:59:21,NIFTY,18-Nov-2025,25850,Resistance,25900,95637,0,95637
2025-11-12 10:00:20,NIFTY,18-Nov-2025,25850,Support,25800,132164,0,132164
2025-11-12 10:00:20,NIFTY,18-Nov-2025,25850,Support,25700,79092,0,79092
2025-11-12 10:00:20,NIFTY,18-Nov-2025,25850,Support,25600,73481,0,73481
2025-11-12 10:00:20,NIFTY,18-Nov-2025,25850,Resistance,26000,128294,0,128294
2025-11-12 10:00:20,NIFTY,18-Nov-2025,25850,Resistance,25800,102392,0,102392
2025-11-12 10:00:20,NIFTY,18-Nov-2025,25850,Resistance,25900,95637,0,95637
2025-11-12 10:01:21,NIFTY,18-Nov-2025,25850,Support,25800,132164,0,132164
2025-11-12 10:01:21,NIFTY,18-Nov-2025,25850,Support,25700,79092,0,79092
2025-11-12 10:01:21,NIFTY,18-Nov-2025,25850,Support,25600,73481,0,73481
2025-11-12 10:01:21,NIFTY,18-Nov-2025,25850,Resistance,26000,128294,0,128294
2025-11-12 10:01:21,NIFTY,18-Nov-2025,25850,Resistance,25800,102392,0,102392
2025-11-12 10:01:21,NIFTY,18-Nov-2025,25850,Resistance,25900,95637,0,95637
2025-11-12 10:07:56,NIFTY,18-Nov-2025,25850,Support,25800,137648,0,137648
2025-11-12 10:07:56,NIFTY,18-Nov-2025,25850,Support,25700,80919,0,80919
2025-11-12 10:07:56,NIFTY,18-Nov-2025,25850,Support,25600,75703,0,75703
2025-11-12 10:07:56,NIFTY,18-Nov-2025,25850,Resistance,26000,130838,0,130838
2025-11-12 10:07:56,NIFTY,18-Nov-2025,25850,Resistance,25800,101378,0,101378
2025-11-12 10:07:56,NIFTY,18-Nov-2025,25850,Resistance,25900,98519,0,98519
2025-11-12 10:08:58,NIFTY,18-Nov-2025,25850,Support,25800,141645,3997,147640
2025-11-12 10:08:58,NIFTY,18-Nov-2025,25850,Support,25700,82453,1534,84754
2025-11-12 10:08:58,NIFTY,18-Nov-2025,25850,Support,25600,76276,573,77135
2025-11-12 10:08:58,NIFTY,18-Nov-2025,25850,Resistance,26000,127631,-3207,127631
2025-11-12 10:08:58,NIFTY,18-Nov-2025,25850,Resistance,25800,96296,-5082,96296
2025-11-12 10:08:58,NIFTY,18-Nov-2025,25850,Resistance,25900,95931,-2588,95931
2025-11-12 10:09:58,NIFTY,18-Nov-2025,25850,Support,25800,141645,0,141645
2025-11-12 10:09:58,NIFTY,18-Nov-2025,25850,Support,25700,82453,0,82453
2025-11-12 10:09:58,NIFTY,18-Nov-2025,25850,Support,25600,76276,0,76276
2025-11-12 10:09:58,NIFTY,18-Nov-2025,25850,Resistance,26000,127631,0,127631
2025-11-12 10:09:58,NIFTY,18-Nov-2025,25850,Resistance,25800,96296,0,96296
2025-11-12 10:09:58,NIFTY,18-Nov-2025,25850,Resistance,25900,95931,0,95931
2025-11-12 10:10:58,NIFTY,18-Nov-2025,25850,Support,25800,145513,3868,151315
2025-11-12 10:10:58,NIFTY,18-Nov-2025,25850,Support,25700,84453,2000,87453
2025-11-12 10:10:58,NIFTY,18-Nov-2025,25850,Support,25600,76856,580,77726
2025-11-12 10:10:58,NIFTY,18-Nov-2025,25850,Resistance,26000,128882,1251,130758
2025-11-12 10:10:58,NIFTY,18-Nov-2025,25850,Resistance,25800,97997,1701,100548
2025-11-12 10:10:58,NIFTY,18-Nov-2025,25850,Resistance,25900,97560,1629,100003
2025-11-12 10:11:58,NIFTY,18-Nov-2025,25850,Support,25800,145513,0,145513
2025-11-12 10:11:58,NIFTY,18-Nov-2025,25850,Support,25700,84453,0,84453
2025-11-12 10:11:58,NIFTY,18-Nov-2025,25850,Support,25600,76856,0,76856
2025-11-12 10:11:58,NIFTY,18-Nov-2025,25850,Resistance,26000,128882,0,128882
2025-11-12 10:11:58,NIFTY,18-Nov-2025,25850,Resistance,25800,97997,0,97997
2025-11-12 10:11:58,NIFTY,18-Nov-2025,25850,Resistance,25900,97560,0,97560
2025-11-12 10:12:57,NIFTY,18-Nov-2025,25850,Support,25800,145513,0,145513
2025-11-12 10:12:57,NIFTY,18-Nov-2025,25850,Support,25700,84453,0,84453
2025-11-12 10:12:57,NIFTY,18-Nov-2025,25850,Support,25600,76856,0,76856
2025-11-12 10:12:57,NIFTY,18-Nov-2025,25850,Resistance,26000,128882,0,128882
2025-11-12 10:12:57,NIFTY,18-Nov-2025,25850,Resistance,25800,97997,0,97997
2025-11-12 10:12:57,NIFTY,18-Nov-2025,25850,Resistance,25900,97560,0,97560
2025-11-12 10:13:58,NIFTY,18-Nov-2025,25850,Support,25800,150546,5033,158095
2025-11-12 10:13:58,NIFTY,18-Nov-2025,25850,Support,25700,85363,910,86728
2025-11-12 10:13:58,NIFTY,18-Nov-2025,25850,Support,25600,77799,943,79213
2025-11-12 10:13:58,NIFTY,18-Nov-2025,25850,Resistance,26000,128477,-405,128477
2025-11-12 10:13:58,NIFTY,18-Nov-2025,25850,Resistance,25800,96729,-1268,96729
2025-11-12 10:13:58,NIFTY,18-Nov-2025,25850,Resistance,25900,96422,-1138,96422
2025-11-12 10:14:58,NIFTY,18-Nov-2025,25850,Support,25800,150546,0,150546
2025-11-12 10:14:58,NIFTY,18-Nov-2025,25850,Support,25700,85363,0,85363
2025-11-12 10:14:58,NIFTY,18-Nov-2025,25850,Support,25600,77799,0,77799
2025-11-12 10:14:58,NIFTY,18-Nov-2025,25850,Resistance,26000,128477,0,128477
2025-11-12 10:14:58,NIFTY,18-Nov-2025,25850,Resistance,25800,96729,0,96729
2025-11-12 10:14:58,NIFTY,18-Nov-2025,25850,Resistance,25900,96422,0,96422
2025-11-12 10:15:58,NIFTY,18-Nov-2025,25850,Support,25800,156108,5562,164451
2025-11-12 10:15:58,NIFTY,18-Nov-2025,25850,Support,25700,87460,2097,90605
2025-11-12 10:15:58,NIFTY,18-Nov-2025,25850,Support,25600,77799,0,77799
2025-11-12 10:15:58,NIFTY,18-Nov-2025,25850,Resistance,26000,128477,0,128477
2025-11-12 10:15:58,NIFTY,18-Nov-2025,25850,Resistance,25800,97931,1202,99734
2025-11-12 10:15:58,NIFTY,18-Nov-2025,25850,Resistance,25900,96422,0,96422
2025-11-12 10:16:57,NIFTY,18-Nov-2025,25850,Support,25800,156108,0,156108
2025-11-12 10:16:57,NIFTY,18-Nov-2025,25850,Support,25700,87460,0,87460
2025-11-12 10:16:57,NIFTY,18-Nov-2025,25850,Support,25600,79422,1623,81856
2025-11-12 10:16:57,NIFTY,18-Nov-2025,25850,Resistance,26000,129629,1152,131357
2025-11-12 10:16:57,NIFTY,18-Nov-2025,25850,Resistance,25900,97231,809,98444
2025-11-12 10:16:57,NIFTY,18-Nov-2025,25850,Resistance,25800,97931,0,97931
2025-11-12 10:17:57,NIFTY,18-Nov-2025,25850,Support,25800,156108,0,156108
2025-11-12 10:17:57,NIFTY,18-Nov-2025,25850,Support,25700,87460,0,87460
2025-11-12 10:17:57,NIFTY,18-Nov-2025,25850,Support,25600,79422,0,79422
2025-11-12 10:17:57,NIFTY,18-Nov-2025,25850,Resistance,26000,129629,0,129629
2025-11-12 10:17:57,NIFTY,18-Nov-2025,25850,Resistance,25800,97931,0,97931
2025-11-12 10:17:57,NIFTY,18-Nov-2025,25850,Resistance,25900,97231,0,97231
2025-11-12 10:18:57,NIFTY,18-Nov-2025,25850,Support,25800,156108,0,156108
2025-11-12 10:18:57,NIFTY,18-Nov-2025,25850,Support,25700,87460,0,87460
2025-11-12 10:18:57,NIFTY,18-Nov-2025,25850,Support,25600,79422,0,79422
2025-11-12 10:18:57,NIFTY,18-Nov-2025,25850,Resistance,26000,129629,0,129629
2025-11-12 10:18:57,NIFTY,18-Nov-2025,25850,Resistance,25800,97931,0,97931
2025-11-12 10:18:57,NIFTY,18-Nov-2025,25850,Resistance,25900,97231,0,97231
2025-11-12 10:19:58,NIFTY,18-Nov-2025,25850,Support,25800,160957,4849,168230
2025-11-12 10:19:58,NIFTY,18-Nov-2025,25850,Support,25700,88903,1443,91067
2025-11-12 10:19:58,NIFTY,18-Nov-2025,25850,Support,25600,80553,1131,82249
2025-11-12 10:19:58,NIFTY,18-Nov-2025,25850,Resistance,26000,130128,499,130876
2025-11-12 10:19:58,NIFTY,18-Nov-2025,25850,Resistance,25800,97529,-402,97529
2025-11-12 10:19:58,NIFTY,18-Nov-2025,25850,Resistance,25900,96875,-356,96875
2025-11-12 10:20:57,NIFTY,18-Nov-2025,25850,Support,25800,160957,0,160957
2025-11-12 10:20:57,NIFTY,18-Nov-2025,25850,Support,25700,88903,0,88903
2025-11-12 10:20:57,NIFTY,18-Nov-2025,25850,Support,25600,80553,0,80553
2025-11-12 10:20:57,NIFTY,18-Nov-2025,25850,Resistance,26000,130128,0,130128
2025-11-12 10:20:57,NIFTY,18-Nov-2025,25850,Resistance,25800,97529,0,97529
2025-11-12 10:20:57,NIFTY,18-Nov-2025,25850,Resistance,25900,96875,0,96875
2025-11-12 10:21:58,NIFTY,18-Nov-2025,25850,Support,25800,160957,0,160957
2025-11-12 10:21:58,NIFTY,18-Nov-2025,25850,Support,25700,88903,0,88903
2025-11-12 10:21:58,NIFTY,18-Nov-2025,25850,Support,25600,80553,0,80553
2025-11-12 10:21:58,NIFTY,18-Nov-2025,25850,Resistance,26000,130128,0,130128
2025-11-12 10:21:58,NIFTY,18-Nov-2025,25850,Resistance,25800,97529,0,97529
2025-11-12 10:21:58,NIFTY,18-Nov-2025,25850,Resistance,25900,96875,0,96875
2025-11-12 10:22:58,NIFTY,18-Nov-2025,25850,Support,25800,158915,-2042,158915
2025-11-12 10:22:58,NIFTY,18-Nov-2025,25850,Support,25700,87436,-1467,87436
2025-11-12 10:22:58,NIFTY,18-Nov-2025,25850,Support,25600,79872,-681,79872
2025-11-12 10:22:58,NIFTY,18-Nov-2025,25850,Resistance,26000,132117,1989,135100
2025-11-12 10:22:58,NIFTY,18-Nov-2025,25850,Resistance,25900,97632,757,98767
2025-11-12 10:22:58,NIFTY,18-Nov-2025,25850,Resistance,25800,97523,-6,97523
2025-11-12 10:23:57,NIFTY,18-Nov-2025,25850,Support,25800,158915,0,158915
2025-11-12 10:23:57,NIFTY,18-Nov-2025,25850,Support,25700,87436,0,87436
2025-11-12 10:23:57,NIFTY,18-Nov-2025,25850,Support,25600,79872,0,79872
2025-11-12 10:23:57,NIFTY,18-Nov-2025,25850,Resistance,26000,132117,0,132117
2025-11-12 10:23:57,NIFTY,18-Nov-2025,25850,Resistance,25900,97632,0,97632
2025-11-12 10:23:57,NIFTY,18-Nov-2025,25850,Resistance,25800,97523,0,97523
2025-11-12 10:24:58,NIFTY,18-Nov-2025,25850,Support,25800,158915,0,158915
2025-11-12 10:24:58,NIFTY,18-Nov-2025,25850,Support,25700,87436,0,87436
2025-11-12 10:24:58,NIFTY,18-Nov-2025,25850,Support,25600,79872,0,79872
2025-11-12 10:24:58,NIFTY,18-Nov-2025,25850,Resistance,26000,132117,0,132117
2025-11-12 10:24:58,NIFTY,18-Nov-2025,25850,Resistance,25900,97632,0,97632
2025-11-12 10:24:58,NIFTY,18-Nov-2025,25850,Resistance,25800,97523,0,97523
2025-11-12 10:25:57,NIFTY,18-Nov-2025,25850,Support,25800,161363,2448,165035
2025-11-12 10:25:57,NIFTY,18-Nov-2025,25850,Support,25700,87726,290,88161
2025-11-12 10:25:57,NIFTY,18-Nov-2025,25850,Support,25600,82211,2339,85719
2025-11-12 10:25:57,NIFTY,18-Nov-2025,25850,Resistance,26000,133845,1728,136437
2025-11-12 10:25:57,NIFTY,18-Nov-2025,25850,Resistance,25800,99106,1583,101480
2025-11-12 10:25:57,NIFTY,18-Nov-2025,25850,Resistance,25900,98678,1046,100247
2025-11-12 10:26:57,NIFTY,18-Nov-2025,25850,Support,25800,161363,0,161363
2025-11-12 10:26:57,NIFTY,18-Nov-2025,25850,Support,25700,87726,0,87726
2025-11-12 10:26:57,NIFTY,18-Nov-2025,25850,Support,25600,82211,0,82211
2025-11-12 10:26:57,NIFTY,18-Nov-2025,25850,Resistance,26000,133845,0,133845
2025-11-12 10:26:57,NIFTY,18-Nov-2025,25850,Resistance,25800,99106,0,99106
2025-11-12 10:26:57,NIFTY,18-Nov-2025,25850,Resistance,25900,98678,0,98678
2025-11-12 10:27:58,NIFTY,18-Nov-2025,25850,Support,25800,161363,0,161363
2025-11-12 10:27:58,NIFTY,18-Nov-2025,25850,Support,25700,87726,0,87726
2025-11-12 10:27:58,NIFTY,18-Nov-2025,25850,Support,25600,82211,0,82211
2025-11-12 10:27:58,NIFTY,18-Nov-2025,25850,Resistance,26000,133845,0,133845
2025-11-12 10:27:58,NIFTY,18-Nov-2025,25850,Resistance,25800,99106,0,99106
2025-11-12 10:27:58,NIFTY,18-Nov-2025,25850,Resistance,25900,98678,0,98678
2025-11-12 10:28:58,NIFTY,18-Nov-2025,25850,Support,25800,163522,2159,166760
2025-11-12 10:28:58,NIFTY,18-Nov-2025,25850,Support,25700,88633,907,89993
2025-11-12 10:28:58,NIFTY,18-Nov-2025,25850,Support,25600,81409,-802,81409
2025-11-12 10:28:58,NIFTY,18-Nov-2025,25850,Resistance,26000,132546,-1299,132546
2025-11-12 10:28:58,NIFTY,18-Nov-2025,25850,Resistance,25800,98659,-447,98659
2025-11-12 10:28:58,NIFTY,18-Nov-2025,25850,Resistance,25900,96338,-2340,96338
2025-11-12 10:29:58,NIFTY,18-Nov-2025,25850,Support,25800,163522,0,163522
2025-11-12 10:29:58,NIFTY,18-Nov-2025,25850,Support,25700,88633,0,88633
2025-11-12 10:29:58,NIFTY,18-Nov-2025,25850,Support,25600,81409,0,81409
2025-11-12 10:29:58,NIFTY,18-Nov-2025,25850,Resistance,26000,132546,0,132546
2025-11-12 10:29:58,NIFTY,18-Nov-2025,25850,Resistance,25800,98659,0,98659
2025-11-12 10:29:58,NIFTY,18-Nov-2025,25850,Resistance,25900,96338,0,96338
2025-11-12 10:30:58,NIFTY,18-Nov-2025,25850,Support,25800,163522,0,163522
2025-11-12 10:30:58,NIFTY,18-Nov-2025,25850,Support,25700,88633,0,88633
2025-11-12 10:30:58,NIFTY,18-Nov-2025,25850,Support,25600,81409,0,81409
2025-11-12 10:30:58,NIFTY,18-Nov-2025,25850,Resistance,26000,132546,0,132546
2025-11-12 10:30:58,NIFTY,18-Nov-2025,25850,Resistance,25800,98659,0,98659
2025-11-12 10:30:58,NIFTY,18-Nov-2025,25850,Resistance,25900,96338,0,96338
2025-11-12 10:31:58,NIFTY,18-Nov-2025,25850,Support,25800,163522,0,163522
2025-11-12 10:31:58,NIFTY,18-Nov-2025,25850,Support,25700,88633,0,88633
2025-11-12 10:31:58,NIFTY,18-Nov-2025,25850,Support,25600,81409,0,81409
2025-11-12 10:31:58,NIFTY,18-Nov-2025,25850,Resistance,26000,132546,0,132546
2025-11-12 10:31:58,NIFTY,18-Nov-2025,25850,Resistance,25800,98659,0,98659
2025-11-12 10:31:58,NIFTY,18-Nov-2025,25850,Resistance,25900,96338,0,96338
2025-11-12 10:32:58,NIFTY,18-Nov-2025,25850,Support,25800,158754,-4768,158754
2025-11-12 10:32:58,NIFTY,18-Nov-2025,25850,Support,25700,87876,-757,87876
2025-11-12 10:32:58,NIFTY,18-Nov-2025,25850,Support,25600,80755,-654,80755
2025-11-12 10:32:58,NIFTY,18-Nov-2025,25850,Resistance,26000,134400,1854,137181
2025-11-12 10:32:58,NIFTY,18-Nov-2025,25850,Resistance,25800,100025,1366,102074
2025-11-12 10:32:58,NIFTY,18-Nov-2025,25850,Resistance,25900,97381,1043,98945
2025-11-12 10:33:57,NIFTY,18-Nov-2025,25850,Support,25800,158754,0,158754
2025-11-12 10:33:57,NIFTY,18-Nov-2025,25850,Support,25700,87696,-180,87696
2025-11-12 10:33:57,NIFTY,18-Nov-2025,25850,Support,25600,79548,-1207,79548
2025-11-12 10:33:57,NIFTY,18-Nov-2025,25850,Resistance,26000,135509,1109,137172
2025-11-12 10:33:57,NIFTY,18-Nov-2025,25850,Resistance,25900,98521,1140,100231
2025-11-12 10:33:57,NIFTY,18-Nov-2025,25850,Resistance,25800,100025,0,100025
2025-11-12 10:34:57,NIFTY,18-Nov-2025,25850,Support,25800,158754,0,158754
2025-11-12 10:34:57,NIFTY,18-Nov-2025,25850,Support,25700,87696,0,87696
2025-11-12 10:34:57,NIFTY,18-Nov-2025,25850,Support,25600,79548,0,79548
2025-11-12 10:34:57,NIFTY,18-Nov-2025,25850,Resistance,26000,135509,0,135509
2025-11-12 10:34:57,NIFTY,18-Nov-2025,25850,Resistance,25800,100025,0,100025
2025-11-12 10:34:57,NIFTY,18-Nov-2025,25850,Resistance,25900,98521,0,98521
2025-11-12 10:35:58,NIFTY,18-Nov-2025,25850,Support,25800,158754,0,158754
2025-11-12 10:35:58,NIFTY,18-Nov-2025,25850,Support,25700,87696,0,87696
2025-11-12 10:35:58,NIFTY,18-Nov-2025,25850,Support,25600,79548,0,79548
2025-11-12 10:35:58,NIFTY,18-Nov-2025,25850,Resistance,26000,135509,0,135509
2025-11-12 10:35:58,NIFTY,18-Nov-2025,25850,Resistance,25800,100025,0,100025
2025-11-12 10:35:58,NIFTY,18-Nov-2025,25850,Resistance,25900,98521,0,98521
2025-11-12 10:36:58,NIFTY,18-Nov-2025,25850,Support,25800,158398,-356,158398
2025-11-12 10:36:58,NIFTY,18-Nov-2025,25850,Support,25700,87696,0,87696
2025-11-12 10:36:58,NIFTY,18-Nov-2025,25850,Support,25600,79548,0,79548
2025-11-12 10:36:58,NIFTY,18-Nov-2025,25850,Resistance,26000,135509,0,135509
2025-11-12 10:36:58,NIFTY,18-Nov-2025,25850,Resistance,25800,102084,2059,105172
2025-11-12 10:36:58,NIFTY,18-Nov-2025,25850,Resistance,25900,98521,0,98521
2025-11-12 10:37:58,NIFTY,18-Nov-2025,25850,Support,25800,158398,0,158398
2025-11-12 10:37:58,NIFTY,18-Nov-2025,25850,Support,25700,87696,0,87696
2025-11-12 10:37:58,NIFTY,18-Nov-2025,25850,Support,25600,79548,0,79548
2025-11-12 10:37:58,NIFTY,18-Nov-2025,25850,Resistance,26000,135509,0,135509
2025-11-12 10:37:58,NIFTY,18-Nov-2025,25850,Resistance,25800,102084,0,102084
2025-11-12 10:37:58,NIFTY,18-Nov-2025,25850,Resistance,25900,98521,0,98521
2025-11-12 10:38:58,NIFTY,18-Nov-2025,25850,Support,25800,158516,118,158693
2025-11-12 10:38:58,NIFTY,18-Nov-2025,25850,Support,25700,88080,384,88656
2025-11-12 10:38:58,NIFTY,18-Nov-2025,25850,Support,25600,80130,582,81003
2025-11-12 10:38:58,NIFTY,18-Nov-2025,25850,Resistance,26000,136432,923,137816
2025-11-12 10:38:58,NIFTY,18-Nov-2025,25850,Resistance,25800,102284,200,102584
2025-11-12 10:38:58,NIFTY,18-Nov-2025,25850,Resistance,25900,98921,400,99521
2025-11-12 10:39:58,NIFTY,18-Nov-2025,25850,Support,25800,158516,0,158516
2025-11-12 10:39:58,NIFTY,18-Nov-2025,25850,Support,25700,88080,0,88080
2025-11-12 10:39:58,NIFTY,18-Nov-2025,25850,Support,25600,80130,0,80130
2025-11-12 10:39:58,NIFTY,18-Nov-2025,25850,Resistance,26000,136432,0,136432
2025-11-12 10:39:58,NIFTY,18-Nov-2025,25850,Resistance,25900,101539,2618,105466
2025-11-12 10:39:58,NIFTY,18-Nov-2025,25850,Resistance,25800,102284,0,102284
2025-11-12 10:40:58,NIFTY,18-Nov-2025,25850,Support,25800,158516,0,158516
2025-11-12 10:40:58,NIFTY,18-Nov-2025,25850,Support,25700,88080,0,88080
2025-11-12 10:40:58,NIFTY,18-Nov-2025,25850,Support,25600,80130,0,80130
2025-11-12 10:40:58,NIFTY,18-Nov-2025,25850,Resistance,26000,136432,0,136432
2025-11-12 10:40:58,NIFTY,18-Nov-2025,25850,Resistance,25800,102284,0,102284
2025-11-12 10:40:58,NIFTY,18-Nov-2025,25850,Resistance,25900,101539,0,101539
2025-11-12 10:41:58,NIFTY,18-Nov-2025,25850,Support,25800,158516,0,158516
2025-11-12 10:41:58,NIFTY,18-Nov-2025,25850,Support,25700,88080,0,88080
2025-11-12 10:41:58,NIFTY,18-Nov-2025,25850,Support,25600,80130,0,80130
2025-11-12 10:41:58,NIFTY,18-Nov-2025,25850,Resistance,26000,136432,0,136432
2025-11-12 10:41:58,NIFTY,18-Nov-2025,25850,Resistance,25800,102284,0,102284
2025-11-12 10:41:58,NIFTY,18-Nov-2025,25850,Resistance,25900,101539,0,101539
2025-11-12 10:42:59,NIFTY,18-Nov-2025,25850,Support,25800,150795,-7721,150795
2025-11-12 10:42:59,NIFTY,18-Nov-2025,25850,Support,25700,87225,-855,87225
2025-11-12 10:42:59,NIFTY,18-Nov-2025,25850,Support,25600,78795,-1335,78795
2025-11-12 10:42:59,NIFTY,18-Nov-2025,25850,Resistance,26000,137362,930,138757
2025-11-12 10:42:59,NIFTY,18-Nov-2025,25850,Resistance,25900,101539,0,101539
2025-11-12 10:42:59,NIFTY,18-Nov-2025,25850,Resistance,25800,98434,-3850,98434
2025-11-12 10:44:02,NIFTY,18-Nov-2025,25850,Support,25800,150795,0,150795
2025-11-12 10:44:02,NIFTY,18-Nov-2025,25850,Support,25700,87225,0,87225
2025-11-12 10:44:02,NIFTY,18-Nov-2025,25850,Support,25600,78795,0,78795
2025-11-12 10:44:02,NIFTY,18-Nov-2025,25850,Resistance,26000,137362,0,137362
2025-11-12 10:44:02,NIFTY,18-Nov-2025,25850,Resistance,25900,101539,0,101539
2025-11-12 10:44:02,NIFTY,18-Nov-2025,25850,Resistance,25800,98434,0,98434
2025-11-12 10:45:01,NIFTY,18-Nov-2025,25850,Support,25800,149269,-1526,149269
2025-11-12 10:45:01,NIFTY,18-Nov-2025,25850,Support,25700,88716,1491,90952
2025-11-12 10:45:01,NIFTY,18-Nov-2025,25850,Support,25600,79382,587,80262
2025-11-12 10:45:01,NIFTY,18-Nov-2025,25850,Resistance,26000,136341,-1021,136341
2025-11-12 10:45:01,NIFTY,18-Nov-2025,25850,Resistance,25900,100343,-1196,100343
2025-11-12 10:45:01,NIFTY,18-Nov-2025,25850,Resistance,25800,94286,-4148,94286
2025-11-12 10:46:02,NIFTY,18-Nov-2025,25850,Support,25800,149269,0,149269
2025-11-12 10:46:02,NIFTY,18-Nov-2025,25850,Support,25700,88716,0,88716
2025-11-12 10:46:02,NIFTY,18-Nov-2025,25850,Support,25600,79382,0,79382
2025-11-12 10:46:02,NIFTY,18-Nov-2025,25850,Resistance,26000,136341,0,136341
2025-11-12 10:46:02,NIFTY,18-Nov-2025,25850,Resistance,25900,100343,0,100343
2025-11-12 10:46:02,NIFTY,18-Nov-2025,25850,Resistance,25800,94286,0,94286
2025-11-12 10:47:03,NIFTY,18-Nov-2025,25850,Support,25800,149269,0,149269
2025-11-12 10:47:03,NIFTY,18-Nov-2025,25850,Support,25700,88716,0,88716
2025-11-12 10:47:03,NIFTY,18-Nov-2025,25850,Support,25600,79382,0,79382
2025-11-12 10:47:03,NIFTY,18-Nov-2025,25850,Resistance,26000,136341,0,136341
2025-11-12 10:47:03,NIFTY,18-Nov-2025,25850,Resistance,25900,100343,0,100343
2025-11-12 10:47:03,NIFTY,18-Nov-2025,25850,Resistance,25800,94286,0,94286
2025-11-12 10:48:04,NIFTY,18-Nov-2025,25850,Support,25800,149692,423,150326
2025-11-12 10:48:04,NIFTY,18-Nov-2025,25850,Support,25700,89765,1049,91338
2025-11-12 10:48:04,NIFTY,18-Nov-2025,25850,Support,25600,79844,462,80537
2025-11-12 10:48:04,NIFTY,18-Nov-2025,25850,Resistance,26000,130478,-5863,130478
2025-11-12 10:48:04,NIFTY,18-Nov-2025,25850,Resistance,25900,96520,-3823,96520
2025-11-12 10:48:04,NIFTY,18-Nov-2025,25850,Resistance,25800,87199,-7087,87199
2025-11-12 10:49:05,NIFTY,18-Nov-2025,25850,Support,25800,149692,0,149692
2025-11-12 10:49:05,NIFTY,18-Nov-2025,25850,Support,25700,89765,0,89765
2025-11-12 10:49:05,NIFTY,18-Nov-2025,25850,Support,25600,79844,0,79844
2025-11-12 10:49:05,NIFTY,18-Nov-2025,25850,Resistance,26000,130478,0,130478
2025-11-12 10:49:05,NIFTY,18-Nov-2025,25850,Resistance,25900,96520,0,96520
2025-11-12 10:49:05,NIFTY,18-Nov-2025,25850,Resistance,25800,87199,0,87199
2025-11-12 10:50:06,NIFTY,18-Nov-2025,25850,Support,25800,149692,0,149692
2025-11-12 10:50:06,NIFTY,18-Nov-2025,25850,Support,25700,89765,0,89765
2025-11-12 10:50:06,NIFTY,18-Nov-2025,25850,Support,25600,79844,0,79844
2025-11-12 10:50:06,NIFTY,18-Nov-2025,25850,Resistance,26000,130478,0,130478
2025-11-12 10:50:06,NIFTY,18-Nov-2025,25850,Resistance,25900,96520,0,96520
2025-11-12 10:50:06,NIFTY,18-Nov-2025,25850,Resistance,25800,87199,0,87199
2025-11-12 10:51:07,NIFTY,18-Nov-2025,25850,Support,25800,154599,4907,161959
2025-11-12 10:51:07,NIFTY,18-Nov-2025,25850,Support,25700,91927,2162,95170
2025-11-12 10:51:07,NIFTY,18-Nov-2025,25850,Support,25900,77517,5166,85266
2025-11-12 10:51:07,NIFTY,18-Nov-2025,25850,Resistance,26000,127697,-2781,127697
2025-11-12 10:51:07,NIFTY,18-Nov-2025,25850,Resistance,25900,94546,-1974,94546
2025-11-12 10:51:07,NIFTY,18-Nov-2025,25850,Resistance,25800,84834,-2365,84834
2025-11-12 10:52:08,NIFTY,18-Nov-2025,25850,Support,25800,154599,0,154599
2025-11-12 10:52:08,NIFTY,18-Nov-2025,25850,Support,25700,91927,0,91927
2025-11-12 10:52:08,NIFTY,18-Nov-2025,25850,Support,25600,81538,0,81538
2025-11-12 10:52:08,NIFTY,18-Nov-2025,25850,Resistance,26000,127697,0,127697
2025-11-12 10:52:08,NIFTY,18-Nov-2025,25850,Resistance,25900,94546,0,94546
2025-11-12 10:52:08,NIFTY,18-Nov-2025,25850,Resistance,25800,84834,0,84834
2025-11-12 10:53:09,NIFTY,18-Nov-2025,25850,Support,25800,156937,2338,160444
2025-11-12 10:53:09,NIFTY,18-Nov-2025,25850,Support,25700,92753,826,93992
2025-11-12 10:53:09,NIFTY,18-Nov-2025,25850,Support,25900,80556,3039,85114
2025-11-12 10:53:09,NIFTY,18-Nov-2025,25850,Resistance,26000,128060,363,128604
2025-11-12 10:53:09,NIFTY,18-Nov-2025,25850,Resistance,25900,95150,604,96056
2025-11-12 10:53:09,NIFTY,18-Nov-2025,25850,Resistance,25800,84773,-61,84773
2025-11-12 10:54:10,NIFTY,18-Nov-2025,25850,Support,25800,156937,0,156937
2025-11-12 10:54:10,NIFTY,18-Nov-2025,25850,Support,25700,92753,0,92753
2025-11-12 10:54:10,NIFTY,18-Nov-2025,25850,Support,25600,81864,0,81864
2025-11-12 10:54:10,NIFTY,18-Nov-2025,25850,Resistance,26000,128060,0,128060
2025-11-12 10:54:10,NIFTY,18-Nov-2025,25850,Resistance,25900,95150,0,95150
2025-11-12 10:54:10,NIFTY,18-Nov-2025,25850,Resistance,25800,84773,0,84773
2025-11-12 10:55:11,NIFTY,18-Nov-2025,25850,Support,25800,156937,0,156937
2025-11-12 10:55:11,NIFTY,18-Nov-2025,25850,Support,25700,92753,0,92753
2025-11-12 10:55:11,NIFTY,18-Nov-2025,25850,Support,25600,81864,0,81864
2025-11-12 10:55:11,NIFTY,18-Nov-2025,25850,Resistance,26000,128060,0,128060
2025-11-12 10:55:11,NIFTY,18-Nov-2025,25850,Resistance,25900,95150,0,95150
2025-11-12 10:55:11,NIFTY,18-Nov-2025,25850,Resistance,25800,84773,0,84773
2025-11-12 10:56:12,NIFTY,18-Nov-2025,25850,Support,25800,158509,1572,160867
2025-11-12 10:56:12,NIFTY,18-Nov-2025,25850,Support,25700,93439,686,94468
2025-11-12 10:56:12,NIFTY,18-Nov-2025,25850,Support,25900,82775,2219,86103
2025-11-12 10:56:12,NIFTY,18-Nov-2025,25850,Resistance,26000,127058,-1002,127058
2025-11-12 10:56:12,NIFTY,18-Nov-2025,25850,Resistance,25900,94313,-837,94313
2025-11-12 10:56:12,NIFTY,18-Nov-2025,25850,Resistance,25800,82359,-2414,82359
2025-11-12 10:57:13,NIFTY,18-Nov-2025,25850,Support,25800,158509,0,158509
2025-11-12 10:57:13,NIFTY,18-Nov-2025,25850,Support,25700,93439,0,93439
2025-11-12 10:57:13,NIFTY,18-Nov-2025,25850,Support,25900,82775,0,82775
2025-11-12 10:57:13,NIFTY,18-Nov-2025,25850,Resistance,26000,127058,0,127058
2025-11-12 10:57:13,NIFTY,18-Nov-2025,25850,Resistance,25900,94313,0,94313
2025-11-12 10:57:13,NIFTY,18-Nov-2025,25850,Resistance,25800,82359,0,82359
2025-11-12 10:58:14,NIFTY,18-Nov-2025,25850,Support,25800,158509,0,158509
2025-11-12 10:58:14,NIFTY,18-Nov-2025,25850,Support,25700,93439,0,93439
2025-11-12 10:58:14,NIFTY,18-Nov-2025,25850,Support,25900,82775,0,82775
2025-11-12 10:58:14,NIFTY,18-Nov-2025,25850,Resistance,26000,127058,0,127058
2025-11-12 10:58:14,NIFTY,18-Nov-2025,25850,Resistance,25900,94313,0,94313
2025-11-12 10:58:14,NIFTY,18-Nov-2025,25850,Resistance,25800,82359,0,82359
2025-11-12 10:58:58,NIFTY,18-Nov-2025,25850,Support,25800,158509,0,158509
2025-11-12 10:58:58,NIFTY,18-Nov-2025,25850,Support,25700,93439,0,93439
2025-11-12 10:58:58,NIFTY,18-Nov-2025,25850,Support,25900,82775,0,82775
2025-11-12 10:58:58,NIFTY,18-Nov-2025,25850,Resistance,26000,127058,0,127058
2025-11-12 10:58:58,NIFTY,18-Nov-2025,25850,Resistance,25900,94313,0,94313
2025-11-12 10:58:58,NIFTY,18-Nov-2025,25850,Resistance,25800,82359,0,82359
2025-11-12 10:59:58,NIFTY,18-Nov-2025,25850,Support,25800,158509,0,158509
2025-11-12 10:59:58,NIFTY,18-Nov-2025,25850,Support,25700,93439,0,93439
2025-11-12 10:59:58,NIFTY,18-Nov-2025,25850,Support,25900,82775,0,82775
2025-11-12 10:59:58,NIFTY,18-Nov-2025,25850,Resistance,26000,127058,0,127058
2025-11-12 10:59:58,NIFTY,18-Nov-2025,25850,Resistance,25900,94313,0,94313
2025-11-12 10:59:58,NIFTY,18-Nov-2025,25850,Resistance,25800,82359,0,82359
2025-11-12 11:00:58,NIFTY,18-Nov-2025,25850,Support,25800,159551,1042,161114
2025-11-12 11:00:58,NIFTY,18-Nov-2025,25850,Support,25700,93969,530,94764
2025-11-12 11:00:58,NIFTY,18-Nov-2025,25850,Support,25900,84435,1660,86925
2025-11-12 11:00:58,NIFTY,18-Nov-2025,25850,Resistance,26000,127452,394,128043
2025-11-12 11:00:58,NIFTY,18-Nov-2025,25850,Resistance,25900,94123,-190,94123
2025-11-12 11:00:58,NIFTY,18-Nov-2025,25850,Resistance,25800,81499,-860,81499
2025-11-12 11:01:58,NIFTY,18-Nov-2025,25850,Support,25800,159551,0,159551
2025-11-12 11:01:58,NIFTY,18-Nov-2025,25850,Support,25700,93969,0,93969
2025-11-12 11:01:58,NIFTY,18-Nov-2025,25850,Support,25900,84435,0,84435
2025-11-12 11:01:58,NIFTY,18-Nov-2025,25850,Resistance,26000,127452,0,127452
2025-11-12 11:01:58,NIFTY,18-Nov-2025,25850,Resistance,25900,94123,0,94123
2025-11-12 11:01:58,NIFTY,18-Nov-2025,25850,Resistance,25800,81499,0,81499
2025-11-12 11:02:58,NIFTY,18-Nov-2025,25850,Support,25800,161079,1528,163371
2025-11-12 11:02:58,NIFTY,18-Nov-2025,25850,Support,25700,94554,585,95431
2025-11-12 11:02:58,NIFTY,18-Nov-2025,25850,Support,25900,85402,967,86852
2025-11-12 11:02:58,NIFTY,18-Nov-2025,25850,Resistance,26000,124785,-2667,124785
2025-11-12 11:02:58,NIFTY,18-Nov-2025,25850,Resistance,25900,91824,-2299,91824
2025-11-12 11:02:58,NIFTY,18-Nov-2025,25850,Resistance,25800,80403,-1096,80403
2025-11-12 11:03:58,NIFTY,18-Nov-2025,25850,Support,25800,161079,0,161079
2025-11-12 11:03:58,NIFTY,18-Nov-2025,25850,Support,25700,94554,0,94554
2025-11-12 11:03:58,NIFTY,18-Nov-2025,25850,Support,25900,85402,0,85402
2025-11-12 11:03:58,NIFTY,18-Nov-2025,25850,Resistance,26000,124785,0,124785
2025-11-12 11:03:58,NIFTY,18-Nov-2025,25850,Resistance,25900,91824,0,91824
2025-11-12 11:03:58,NIFTY,18-Nov-2025,25850,Resistance,25800,80403,0,80403
2025-11-12 11:04:57,NIFTY,18-Nov-2025,25850,Support,25800,161079,0,161079
2025-11-12 11:04:57,NIFTY,18-Nov-2025,25850,Support,25700,94554,0,94554
2025-11-12 11:04:57,NIFTY,18-Nov-2025,25850,Support,25900,85402,0,85402
2025-11-12 11:04:57,NIFTY,18-Nov-2025,25850,Resistance,26000,124785,0,124785
2025-11-12 11:04:57,NIFTY,18-Nov-2025,25850,Resistance,25900,91824,0,91824
2025-11-12 11:04:57,NIFTY,18-Nov-2025,25850,Resistance,25800,80403,0,80403
2025-11-12 11:05:57,NIFTY,18-Nov-2025,25850,Support,25800,164684,3605,170091
2025-11-12 11:05:57,NIFTY,18-Nov-2025,25850,Support,25700,95573,1019,97101
2025-11-12 11:05:57,NIFTY,18-Nov-2025,25850,Support,25850,85325,4200,91625
2025-11-12 11:05:57,NIFTY,18-Nov-2025,25850,Resistance,26000,122379,-2406,122379
2025-11-12 11:05:57,NIFTY,18-Nov-2025,25850,Resistance,25900,89671,-2153,89671
2025-11-12 11:05:57,NIFTY,18-Nov-2025,25850,Resistance,25800,79072,-1331,79072
2025-11-12 11:06:58,NIFTY,18-Nov-2025,25850,Support,25800,164684,0,164684
2025-11-12 11:06:58,NIFTY,18-Nov-2025,25850,Support,25700,95573,0,95573
2025-11-12 11:06:58,NIFTY,18-Nov-2025,25850,Support,25900,86825,0,86825
2025-11-12 11:06:58,NIFTY,18-Nov-2025,25850,Resistance,26000,122379,0,122379
2025-11-12 11:06:58,NIFTY,18-Nov-2025,25850,Resistance,25900,89671,0,89671
2025-11-12 11:06:58,NIFTY,18-Nov-2025,25850,Resistance,25800,79072,0,79072
2025-11-12 11:07:59,NIFTY,18-Nov-2025,25850,Support,25800,164684,0,164684
2025-11-12 11:07:59,NIFTY,18-Nov-2025,25850,Support,25700,95573,0,95573
2025-11-12 11:07:59,NIFTY,18-Nov-2025,25850,Support,25900,86825,0,86825
2025-11-12 11:07:59,NIFTY,18-Nov-2025,25850,Resistance,26000,122379,0,122379
2025-11-12 11:07:59,NIFTY,18-Nov-2025,25850,Resistance,25900,89671,0,89671
2025-11-12 11:07:59,NIFTY,18-Nov-2025,25850,Resistance,25800,79072,0,79072
2025-11-12 11:09:00,NIFTY,18-Nov-2025,25850,Support,25800,163926,-758,163926
2025-11-12 11:09:00,NIFTY,18-Nov-2025,25850,Support,25700,96014,441,96675
2025-11-12 11:09:00,NIFTY,18-Nov-2025,25850,Support,25900,87469,644,88435
2025-11-12 11:09:00,NIFTY,18-Nov-2025,25850,Resistance,26000,124850,2471,128556
2025-11-12 11:09:00,NIFTY,18-Nov-2025,25850,Resistance,25900,93409,3738,99016
2025-11-12 11:09:00,NIFTY,18-Nov-2025,25850,Resistance,25800,80470,1398,82567
2025-11-12 11:10:01,NIFTY,18-Nov-2025,25850,Support,25800,163926,0,163926
2025-11-12 11:10:01,NIFTY,18-Nov-2025,25850,Support,25700,96014,0,96014
2025-11-12 11:10:01,NIFTY,18-Nov-2025,25850,Support,25900,87469,0,87469
2025-11-12 11:10:01,NIFTY,18-Nov-2025,25850,Resistance,26000,124850,0,124850
2025-11-12 11:10:01,NIFTY,18-Nov-2025,25850,Resistance,25900,93409,0,93409
2025-11-12 11:10:01,NIFTY,18-Nov-2025,25850,Resistance,25800,80470,0,80470
2025-11-12 11:11:02,NIFTY,18-Nov-2025,25850,Support,25800,163926,0,163926
2025-11-12 11:11:02,NIFTY,18-Nov-2025,25850,Support,25700,96014,0,96014
2025-11-12 11:11:02,NIFTY,18-Nov-2025,25850,Support,25900,87469,0,87469
2025-11-12 11:11:02,NIFTY,18-Nov-2025,25850,Resistance,26000,124850,0,124850
2025-11-12 11:11:02,NIFTY,18-Nov-2025,25850,Resistance,25900,93409,0,93409
2025-11-12 11:11:02,NIFTY,18-Nov-2025,25850,Resistance,25800,80470,0,80470
2025-11-12 11:11:59,NIFTY,18-Nov-2025,25900,Support,25800,163926,0,163926
2025-11-12 11:11:59,NIFTY,18-Nov-2025,25900,Support,25700,96014,0,96014
2025-11-12 11:11:59,NIFTY,18-Nov-2025,25900,Support,25900,87469,0,87469
2025-11-12 11:11:59,NIFTY,18-Nov-2025,25900,Resistance,26000,124850,0,124850
2025-11-12 11:11:59,NIFTY,18-Nov-2025,25900,Resistance,25900,93409,0,93409
2025-11-12 11:11:59,NIFTY,18-Nov-2025,25900,Resistance,25800,80470,0,80470
2025-11-12 11:12:58,NIFTY,18-Nov-2025,25900,Support,25800,163926,0,163926
2025-11-12 11:12:58,NIFTY,18-Nov-2025,25900,Support,25700,96014,0,96014
2025-11-12 11:12:58,NIFTY,18-Nov-2025,25900,Support,25900,87469,0,87469
2025-11-12 11:12:58,NIFTY,18-Nov-2025,25900,Resistance,26000,124850,0,124850
2025-11-12 11:12:58,NIFTY,18-Nov-2025,25900,Resistance,25900,93409,0,93409
2025-11-12 11:12:58,NIFTY,18-Nov-2025,25900,Resistance,25800,80470,0,80470
2025-11-12 11:13:59,NIFTY,18-Nov-2025,25900,Support,25800,162445,-1481,162445
2025-11-12 11:13:59,NIFTY,18-Nov-2025,25900,Support,25700,96149,135,96351
2025-11-12 11:13:59,NIFTY,18-Nov-2025,25900,Support,25900,87539,70,87644
2025-11-12 11:13:59,NIFTY,18-Nov-2025,25900,Resistance,26000,127516,2666,131515
2025-11-12 11:13:59,NIFTY,18-Nov-2025,25900,Resistance,25900,95545,2136,98749
2025-11-12 11:13:59,NIFTY,18-Nov-2025,25900,Resistance,25800,81400,930,82795
2025-11-12 11:15:00,NIFTY,18-Nov-2025,25900,Support,25800,157984,-4461,157984
2025-11-12 11:15:00,NIFTY,18-Nov-2025,25900,Support,25700,94873,-1276,94873
2025-11-12 11:15:00,NIFTY,18-Nov-2025,25900,Support,25900,84614,-2925,84614
2025-11-12 11:15:00,NIFTY,18-Nov-2025,25900,Resistance,26000,131010,3494,136251
2025-11-12 11:15:00,NIFTY,18-Nov-2025,25900,Resistance,25900,97147,1602,99550
2025-11-12 11:15:00,NIFTY,18-Nov-2025,25900,Resistance,25800,79971,-1429,79971
2025-11-12 11:16:01,NIFTY,18-Nov-2025,25900,Support,25800,157984,0,157984
2025-11-12 11:16:01,NIFTY,18-Nov-2025,25900,Support,25700,94873,0,94873
2025-11-12 11:16:01,NIFTY,18-Nov-2025,25900,Support,25900,84614,0,84614
2025-11-12 11:16:01,NIFTY,18-Nov-2025,25900,Resistance,26000,131010,0,131010
2025-11-12 11:16:01,NIFTY,18-Nov-2025,25900,Resistance,25900,97147,0,97147
2025-11-12 11:16:01,NIFTY,18-Nov-2025,25900,Resistance,25800,79971,0,79971
2025-11-12 11:17:02,NIFTY,18-Nov-2025,25900,Support,25800,157984,0,157984
2025-11-12 11:17:02,NIFTY,18-Nov-2025,25900,Support,25700,94873,0,94873
2025-11-12 11:17:02,NIFTY,18-Nov-2025,25900,Support,25900,84614,0,84614
2025-11-12 11:17:02,NIFTY,18-Nov-2025,25900,Resistance,26000,131010,0,131010
2025-11-12 11:17:02,NIFTY,18-Nov-2025,25900,Resistance,25900,97147,0,97147
2025-11-12 11:17:02,NIFTY,18-Nov-2025,25900,Resistance,25800,79971,0,79971
2025-11-12 11:17:58,NIFTY,18-Nov-2025,25900,Support,25800,159250,1266,161149
2025-11-12 11:17:58,NIFTY,18-Nov-2025,25900,Support,25700,95877,1004,97383
2025-11-12 11:17:58,NIFTY,18-Nov-2025,25900,Support,25900,85624,1010,87139
2025-11-12 11:17:58,NIFTY,18-Nov-2025,25900,Resistance,26000,131656,646,132625
2025-11-12 11:17:58,NIFTY,18-Nov-2025,25900,Resistance,25900,97747,600,98647
2025-11-12 11:17:58,NIFTY,18-Nov-2025,25900,Resistance,25800,80809,838,82066
2025-11-12 11:18:58,NIFTY,18-Nov-2025,25900,Support,25800,159250,0,159250
2025-11-12 11:18:58,NIFTY,18-Nov-2025,25900,Support,25700,95877,0,95877
2025-11-12 11:18:58,NIFTY,18-Nov-2025,25900,Support,25900,85624,0,85624
2025-11-12 11:18:58,NIFTY,18-Nov-2025,25900,Resistance,26000,131656,0,131656
2025-11-12 11:18:58,NIFTY,18-Nov-2025,25900,Resistance,25900,97747,0,97747
2025-11-12 11:18:58,NIFTY,18-Nov-2025,25900,Resistance,25800,80809,0,80809
2025-11-12 11:19:57,NIFTY,18-Nov-2025,25900,Support,25800,159250,0,159250
2025-11-12 11:19:57,NIFTY,18-Nov-2025,25900,Support,25700,95877,0,95877
2025-11-12 11:19:57,NIFTY,18-Nov-2025,25900,Support,25900,85624,0,85624
2025-11-12 11:19:57,NIFTY,18-Nov-2025,25900,Resistance,26000,131656,0,131656
2025-11-12 11:19:57,NIFTY,18-Nov-2025,25900,Resistance,25900,97747,0,97747
2025-11-12 11:19:57,NIFTY,18-Nov-2025,25900,Resistance,25800,80809,0,80809
2025-11-12 11:20:58,NIFTY,18-Nov-2025,25900,Support,25800,160112,862,161405
2025-11-12 11:20:58,NIFTY,18-Nov-2025,25900,Support,25700,96060,183,96334
2025-11-12 11:20:58,NIFTY,18-Nov-2025,25900,Support,25900,86565,941,87976
2025-11-12 11:20:58,NIFTY,18-Nov-2025,25900,Resistance,26000,130407,-1249,130407
2025-11-12 11:20:58,NIFTY,18-Nov-2025,25900,Resistance,25900,96176,-1571,96176
2025-11-12 11:20:58,NIFTY,18-Nov-2025,25900,Resistance,25800,79522,-1287,79522
2025-11-12 11:21:58,NIFTY,18-Nov-2025,25900,Support,25800,160112,0,160112
2025-11-12 11:21:58,NIFTY,18-Nov-2025,25900,Support,25700,96060,0,96060
2025-11-12 11:21:58,NIFTY,18-Nov-2025,25900,Support,25900,86565,0,86565
2025-11-12 11:21:58,NIFTY,18-Nov-2025,25900,Resistance,26000,130407,0,130407
2025-11-12 11:21:58,NIFTY,18-Nov-2025,25900,Resistance,25900,96176,0,96176
2025-11-12 11:21:58,NIFTY,18-Nov-2025,25900,Resistance,25800,79522,0,79522
2025-11-12 11:22:59,NIFTY,18-Nov-2025,25900,Support,25800,161511,1399,163609
2025-11-12 11:22:59,NIFTY,18-Nov-2025,25900,Support,25700,96664,604,97570
2025-11-12 11:22:59,NIFTY,18-Nov-2025,25900,Support,25900,88940,2375,92502
2025-11-12 11:22:59,NIFTY,18-Nov-2025,25900,Resistance,26000,130453,46,130522
2025-11-12 11:22:59,NIFTY,18-Nov-2025,25900,Resistance,25900,95204,-972,95204
2025-11-12 11:22:59,NIFTY,18-Nov-2025,25900,Resistance,25800,78768,-754,78768
2025-11-12 11:24:00,NIFTY,18-Nov-2025,25900,Support,25800,161511,0,161511
2025-11-12 11:24:00,NIFTY,18-Nov-2025,25900,Support,25700,96664,0,96664
2025-11-12 11:24:00,NIFTY,18-Nov-2025,25900,Support,25900,88940,0,88940
2025-11-12 11:24:00,NIFTY,18-Nov-2025,25900,Resistance,26000,130453,0,130453
2025-11-12 11:24:00,NIFTY,18-Nov-2025,25900,Resistance,25900,95204,0,95204
2025-11-12 11:24:00,NIFTY,18-Nov-2025,25900,Resistance,25800,78768,0,78768
2025-11-12 11:25:01,NIFTY,18-Nov-2025,25900,Support,25800,161511,0,161511
2025-11-12 11:25:01,NIFTY,18-Nov-2025,25900,Support,25700,96664,0,96664
2025-11-12 11:25:01,NIFTY,18-Nov-2025,25900,Support,25900,88940,0,88940
2025-11-12 11:25:01,NIFTY,18-Nov-2025,25900,Resistance,26000,130453,0,130453
2025-11-12 11:25:01,NIFTY,18-Nov-2025,25900,Resistance,25900,95204,0,95204
2025-11-12 11:25:01,NIFTY,18-Nov-2025,25900,Resistance,25800,78768,0,78768
2025-11-12 11:26:02,NIFTY,18-Nov-2025,25900,Support,25800,161370,-141,161370
2025-11-12 11:26:02,NIFTY,18-Nov-2025,25900,Support,25700,97213,549,98036
2025-11-12 11:26:02,NIFTY,18-Nov-2025,25900,Support,25900,91264,2324,94750
2025-11-12 11:26:02,NIFTY,18-Nov-2025,25900,Resistance,26000,127810,-2643,127810
2025-11-12 11:26:02,NIFTY,18-Nov-2025,25900,Resistance,25900,92780,-2424,92780
2025-11-12 11:26:02,NIFTY,18-Nov-2025,25900,Resistance,25800,76166,-2602,76166
2025-11-12 11:27:03,NIFTY,18-Nov-2025,25900,Support,25800,161370,0,161370
2025-11-12 11:27:03,NIFTY,18-Nov-2025,25900,Support,25700,97213,0,97213
2025-11-12 11:27:03,NIFTY,18-Nov-2025,25900,Support,25900,91264,0,91264
2025-11-12 11:27:03,NIFTY,18-Nov-2025,25900,Resistance,26000,127810,0,127810
2025-11-12 11:27:03,NIFTY,18-Nov-2025,25900,Resistance,25900,92780,0,92780
2025-11-12 11:27:03,NIFTY,18-Nov-2025,25900,Resistance,25800,76166,0,76166
2025-11-12 11:28:04,NIFTY,18-Nov-2025,25900,Support,25800,161370,0,161370
2025-11-12 11:28:04,NIFTY,18-Nov-2025,25900,Support,25700,97213,0,97213
2025-11-12 11:28:04,NIFTY,18-Nov-2025,25900,Support,25900,91264,0,91264
2025-11-12 11:28:04,NIFTY,18-Nov-2025,25900,Resistance,26000,127810,0,127810
2025-11-12 11:28:04,NIFTY,18-Nov-2025,25900,Resistance,25900,92780,0,92780
2025-11-12 11:28:04,NIFTY,18-Nov-2025,25900,Resistance,25800,76166,0,76166
2025-11-12 11:28:58,NIFTY,18-Nov-2025,25900,Support,25800,161370,0,161370
2025-11-12 11:28:58,NIFTY,18-Nov-2025,25900,Support,25700,97213,0,97213
2025-11-12 11:28:58,NIFTY,18-Nov-2025,25900,Support,25900,91264,0,91264
2025-11-12 11:28:58,NIFTY,18-Nov-2025,25900,Resistance,26000,127810,0,127810
2025-11-12 11:28:58,NIFTY,18-Nov-2025,25900,Resistance,25900,92780,0,92780
2025-11-12 11:28:58,NIFTY,18-Nov-2025,25900,Resistance,25800,76166,0,76166
2025-11-12 11:29:59,NIFTY,18-Nov-2025,25900,Support,25800,161370,0,161370
2025-11-12 11:29:59,NIFTY,18-Nov-2025,25900,Support,25700,97213,0,97213
2025-11-12 11:29:59,NIFTY,18-Nov-2025,25900,Support,25900,91264,0,91264
2025-11-12 11:29:59,NIFTY,18-Nov-2025,25900,Resistance,26000,127810,0,127810
2025-11-12 11:29:59,NIFTY,18-Nov-2025,25900,Resistance,25900,92780,0,92780
2025-11-12 11:29:59,NIFTY,18-Nov-2025,25900,Resistance,25800,76166,0,76166
2025-11-12 11:30:58,NIFTY,18-Nov-2025,25900,Support,25800,161895,525,162682
2025-11-12 11:30:58,NIFTY,18-Nov-2025,25900,Support,25700,97259,46,97328
2025-11-12 11:30:58,NIFTY,18-Nov-2025,25900,Support,25900,92623,1359,94661
2025-11-12 11:30:58,NIFTY,18-Nov-2025,25900,Resistance,26000,128447,637,129402
2025-11-12 11:30:58,NIFTY,18-Nov-2025,25900,Resistance,25900,93641,861,94932
2025-11-12 11:30:58,NIFTY,18-Nov-2025,25900,Resistance,25800,74825,-1341,74825
2025-11-12 11:31:59,NIFTY,18-Nov-2025,25900,Support,25800,161895,0,161895
2025-11-12 11:31:59,NIFTY,18-Nov-2025,25900,Support,25700,97259,0,97259
2025-11-12 11:31:59,NIFTY,18-Nov-2025,25900,Support,25900,92623,0,92623
2025-11-12 11:31:59,NIFTY,18-Nov-2025,25900,Resistance,26000,128447,0,128447
2025-11-12 11:31:59,NIFTY,18-Nov-2025,25900,Resistance,25900,93641,0,93641
2025-11-12 11:31:59,NIFTY,18-Nov-2025,25900,Resistance,25800,74825,0,74825
2025-11-12 11:33:00,NIFTY,18-Nov-2025,25900,Support,25800,163782,1887,166612
2025-11-12 11:33:00,NIFTY,18-Nov-2025,25900,Support,25700,96616,-643,96616
2025-11-12 11:33:00,NIFTY,18-Nov-2025,25900,Support,25900,93058,435,93710
2025-11-12 11:33:00,NIFTY,18-Nov-2025,25900,Resistance,26000,129932,1485,132159
2025-11-12 11:33:00,NIFTY,18-Nov-2025,25900,Resistance,25900,94312,671,95318
2025-11-12 11:33:00,NIFTY,18-Nov-2025,25900,Resistance,25800,75117,292,75555
2025-11-12 11:34:01,NIFTY,18-Nov-2025,25900,Support,25800,163782,0,163782
2025-11-12 11:34:01,NIFTY,18-Nov-2025,25900,Support,25700,96616,0,96616
2025-11-12 11:34:01,NIFTY,18-Nov-2025,25900,Support,25900,93058,0,93058
2025-11-12 11:34:01,NIFTY,18-Nov-2025,25900,Resistance,26000,129932,0,129932
2025-11-12 11:34:01,NIFTY,18-Nov-2025,25900,Resistance,25900,94312,0,94312
2025-11-12 11:34:01,NIFTY,18-Nov-2025,25900,Resistance,25800,75117,0,75117
2025-11-12 11:35:02,NIFTY,18-Nov-2025,25900,Support,25800,163782,0,163782
2025-11-12 11:35:02,NIFTY,18-Nov-2025,25900,Support,25700,96616,0,96616
2025-11-12 11:35:02,NIFTY,18-Nov-2025,25900,Support,25900,93058,0,93058
2025-11-12 11:35:02,NIFTY,18-Nov-2025,25900,Resistance,26000,129932,0,129932
2025-11-12 11:35:02,NIFTY,18-Nov-2025,25900,Resistance,25900,94312,0,94312
2025-11-12 11:35:02,NIFTY,18-Nov-2025,25900,Resistance,25800,75117,0,75117
2025-11-12 11:36:03,NIFTY,18-Nov-2025,25900,Support,25800,165282,1500,167532
2025-11-12 11:36:03,NIFTY,18-Nov-2025,25900,Support,25900,94922,1864,97718
2025-11-12 11:36:03,NIFTY,18-Nov-2025,25900,Support,25700,96313,-303,96313
2025-11-12 11:36:03,NIFTY,18-Nov-2025,25900,Resistance,26000,128985,-947,128985
2025-11-12 11:36:03,NIFTY,18-Nov-2025,25900,Resistance,25900,93841,-471,93841
2025-11-12 11:36:03,NIFTY,18-Nov-2025,25900,Resistance,25800,74081,-1036,74081
2025-11-12 11:37:04,NIFTY,18-Nov-2025,25900,Support,25800,165282,0,165282
2025-11-12 11:37:04,NIFTY,18-Nov-2025,25900,Support,25700,96313,0,96313
2025-11-12 11:37:04,NIFTY,18-Nov-2025,25900,Support,25900,94922,0,94922
2025-11-12 11:37:04,NIFTY,18-Nov-2025,25900,Resistance,26000,128985,0,128985
2025-11-12 11:37:04,NIFTY,18-Nov-2025,25900,Resistance,25900,93841,0,93841
2025-11-12 11:37:04,NIFTY,18-Nov-2025,25900,Resistance,25800,74081,0,74081
2025-11-12 11:38:05,NIFTY,18-Nov-2025,25900,Support,25800,165282,0,165282
2025-11-12 11:38:05,NIFTY,18-Nov-2025,25900,Support,25700,96313,0,96313
2025-11-12 11:38:05,NIFTY,18-Nov-2025,25900,Support,25900,94922,0,94922
2025-11-12 11:38:05,NIFTY,18-Nov-2025,25900,Resistance,26000,128985,0,128985
2025-11-12 11:38:05,NIFTY,18-Nov-2025,25900,Resistance,25900,93841,0,93841
2025-11-12 11:38:05,NIFTY,18-Nov-2025,25900,Resistance,25800,74081,0,74081
2025-11-12 11:39:06,NIFTY,18-Nov-2025,25900,Support,25800,164869,-413,164869
2025-11-12 11:39:06,NIFTY,18-Nov-2025,25900,Support,25900,97983,3061,102574
2025-11-12 11:39:06,NIFTY,18-Nov-2025,25900,Support,25700,95888,-425,95888
2025-11-12 11:39:06,NIFTY,18-Nov-2025,25900,Resistance,26000,122696,-6289,122696
2025-11-12 11:39:06,NIFTY,18-Nov-2025,25900,Resistance,25900,88208,-5633,88208
2025-11-12 11:39:06,NIFTY,18-Nov-2025,25900,Resistance,25800,69400,-4681,69400
2025-11-12 11:40:07,NIFTY,18-Nov-2025,25900,Support,25800,164869,0,164869
2025-11-12 11:40:07,NIFTY,18-Nov-2025,25900,Support,25900,97983,0,97983
2025-11-12 11:40:07,NIFTY,18-Nov-2025,25900,Support,25700,95888,0,95888
2025-11-12 11:40:07,NIFTY,18-Nov-2025,25900,Resistance,26000,122696,0,122696
2025-11-12 11:40:07,NIFTY,18-Nov-2025,25900,Resistance,25900,88208,0,88208
2025-11-12 11:40:07,NIFTY,18-Nov-2025,25900,Resistance,25800,69400,0,69400
2025-11-12 11:41:08,NIFTY,18-Nov-2025,25900,Support,25800,164869,0,164869
2025-11-12 11:41:08,NIFTY,18-Nov-2025,25900,Support,25900,97983,0,97983
2025-11-12 11:41:08,NIFTY,18-Nov-2025,25900,Support,25700,95888,0,95888
2025-11-12 11:41:08,NIFTY,18-Nov-2025,25900,Resistance,26000,122696,0,122696
2025-11-12 11:41:08,NIFTY,18-Nov-2025,25900,Resistance,25900,88208,0,88208
2025-11-12 11:41:08,NIFTY,18-Nov-2025,25900,Resistance,25800,69400,0,69400
2025-11-12 11:42:09,NIFTY,18-Nov-2025,25900,Support,25800,164869,0,164869
2025-11-12 11:42:09,NIFTY,18-Nov-2025,25900,Support,25900,104156,6173,113415
2025-11-12 11:42:09,NIFTY,18-Nov-2025,25900,Support,25700,95888,0,95888
2025-11-12 11:42:09,NIFTY,18-Nov-2025,25900,Resistance,26000,121586,-1110,121586
2025-11-12 11:42:09,NIFTY,18-Nov-2025,25900,Resistance,25900,88208,0,88208
2025-11-12 11:42:09,NIFTY,18-Nov-2025,25900,Resistance,25800,69400,0,69400
2025-11-12 11:43:10,NIFTY,18-Nov-2025,25900,Support,25800,167497,2628,171439
2025-11-12 11:43:10,NIFTY,18-Nov-2025,25900,Support,25900,104156,0,104156
2025-11-12 11:43:10,NIFTY,18-Nov-2025,25900,Support,25700,96362,474,97073
2025-11-12 11:43:10,NIFTY,18-Nov-2025,25900,Resistance,26000,121586,0,121586
2025-11-12 11:43:10,NIFTY,18-Nov-2025,25900,Resistance,25900,87163,-1045,87163
2025-11-12 11:43:10,NIFTY,18-Nov-2025,25900,Resistance,25800,66911,-2489,66911
2025-11-12 11:44:11,NIFTY,18-Nov-2025,25900,Support,25800,167497,0,167497
2025-11-12 11:44:11,NIFTY,18-Nov-2025,25900,Support,25900,104156,0,104156
2025-11-12 11:44:11,NIFTY,18-Nov-2025,25900,Support,25700,96362,0,96362
2025-11-12 11:44:11,NIFTY,18-Nov-2025,25900,Resistance,26000,121586,0,121586
2025-11-12 11:44:11,NIFTY,18-Nov-2025,25900,Resistance,25900,87163,0,87163
2025-11-12 11:44:11,NIFTY,18-Nov-2025,25900,Resistance,25800,66911,0,66911
2025-11-12 11:44:58,NIFTY,18-Nov-2025,25900,Support,25800,168612,1115,170284
2025-11-12 11:44:58,NIFTY,18-Nov-2025,25900,Support,25900,103486,-670,103486
2025-11-12 11:44:58,NIFTY,18-Nov-2025,25900,Support,25700,96095,-267,96095
2025-11-12 11:44:58,NIFTY,18-Nov-2025,25900,Resistance,26000,120495,-1091,120495
2025-11-12 11:44:58,NIFTY,18-Nov-2025,25900,Resistance,25900,86893,-270,86893
2025-11-12 11:44:58,NIFTY,18-Nov-2025,25900,Resistance,25800,66460,-451,66460
2025-11-12 11:45:58,NIFTY,18-Nov-2025,25900,Support,25800,168612,0,168612
2025-11-12 11:45:58,NIFTY,18-Nov-2025,25900,Support,25900,103486,0,103486
2025-11-12 11:45:58,NIFTY,18-Nov-2025,25900,Support,25700,96095,0,96095
2025-11-12 11:45:58,NIFTY,18-Nov-2025,25900,Resistance,26000,120495,0,120495
2025-11-12 11:45:58,NIFTY,18-Nov-2025,25900,Resistance,25900,86893,0,86893
2025-11-12 11:45:58,NIFTY,18-Nov-2025,25900,Resistance,25800,66460,0,66460
2025-11-12 11:46:59,NIFTY,18-Nov-2025,25900,Support,25800,168612,0,168612
2025-11-12 11:46:59,NIFTY,18-Nov-2025,25900,Support,25900,103486,0,103486
2025-11-12 11:46:59,NIFTY,18-Nov-2025,25900,Support,25700,96095,0,96095
2025-11-12 11:46:59,NIFTY,18-Nov-2025,25900,Resistance,26000,120495,0,120495
2025-11-12 11:46:59,NIFTY,18-Nov-2025,25900,Resistance,25900,86893,0,86893
2025-11-12 11:46:59,NIFTY,18-Nov-2025,25900,Resistance,25800,66460,0,66460
2025-11-12 11:48:00,NIFTY,18-Nov-2025,25900,Support,25800,168612,0,168612
2025-11-12 11:48:00,NIFTY,18-Nov-2025,25900,Support,25900,103486,0,103486
2025-11-12 11:48:00,NIFTY,18-Nov-2025,25900,Support,25700,96095,0,96095
2025-11-12 11:48:00,NIFTY,18-Nov-2025,25900,Resistance,26000,120495,0,120495
2025-11-12 11:48:00,NIFTY,18-Nov-2025,25900,Resistance,25900,86893,0,86893
2025-11-12 11:48:00,NIFTY,18-Nov-2025,25900,Resistance,25800,66460,0,66460
2025-11-12 11:49:01,NIFTY,18-Nov-2025,25900,Support,25800,170729,2117,173904
2025-11-12 11:49:01,NIFTY,18-Nov-2025,25900,Support,25900,106281,2795,110473
2025-11-12 11:49:01,NIFTY,18-Nov-2025,25900,Support,25700,96880,785,98057
2025-11-12 11:49:01,NIFTY,18-Nov-2025,25900,Resistance,26000,120592,97,120737
2025-11-12 11:49:01,NIFTY,18-Nov-2025,25900,Resistance,25900,88101,1208,89913
2025-11-12 11:49:01,NIFTY,18-Nov-2025,25900,Resistance,25800,66138,-322,66138
2025-11-12 11:50:02,NIFTY,18-Nov-2025,25900,Support,25800,171578,849,172851
2025-11-12 11:50:02,NIFTY,18-Nov-2025,25900,Support,25900,107347,1066,108946
2025-11-12 11:50:02,NIFTY,18-Nov-2025,25900,Support,25700,97128,248,97500
2025-11-12 11:50:02,NIFTY,18-Nov-2025,25900,Resistance,26000,121252,660,122242
2025-11-12 11:50:02,NIFTY,18-Nov-2025,25900,Resistance,25900,88513,412,89131
2025-11-12 11:50:02,NIFTY,18-Nov-2025,25900,Resistance,25800,66335,197,66630
2025-11-12 11:51:03,NIFTY,18-Nov-2025,25900,Support,25800,171578,0,171578
2025-11-12 11:51:03,NIFTY,18-Nov-2025,25900,Support,25900,107347,0,107347
2025-11-12 11:51:03,NIFTY,18-Nov-2025,25900,Support,25700,97128,0,97128
2025-11-12 11:51:03,NIFTY,18-Nov-2025,25900,Resistance,26000,121252,0,121252
2025-11-12 11:51:03,NIFTY,18-Nov-2025,25900,Resistance,25900,88513,0,88513
2025-11-12 11:51:03,NIFTY,18-Nov-2025,25900,Resistance,25800,66335,0,66335
2025-11-12 11:52:04,NIFTY,18-Nov-2025,25900,Support,25800,171578,0,171578
2025-11-12 11:52:04,NIFTY,18-Nov-2025,25900,Support,25900,107347,0,107347
2025-11-12 11:52:04,NIFTY,18-Nov-2025,25900,Support,25700,97128,0,97128
2025-11-12 11:52:04,NIFTY,18-Nov-2025,25900,Resistance,26000,121252,0,121252
2025-11-12 11:52:04,NIFTY,18-Nov-2025,25900,Resistance,25900,88513,0,88513
2025-11-12 11:52:04,NIFTY,18-Nov-2025,25900,Resistance,25800,66335,0,66335
2025-11-12 11:52:58,NIFTY,18-Nov-2025,25900,Support,25800,173531,1953,176460
2025-11-12 11:52:58,NIFTY,18-Nov-2025,25900,Support,25900,108475,1128,110167
2025-11-12 11:52:58,NIFTY,18-Nov-2025,25900,Support,25700,98226,1098,99873
2025-11-12 11:52:58,NIFTY,18-Nov-2025,25900,Resistance,26000,122859,1607,125269
2025-11-12 11:52:58,NIFTY,18-Nov-2025,25900,Resistance,25900,91297,2784,95473
2025-11-12 11:52:58,NIFTY,18-Nov-2025,25900,Resistance,25800,66625,290,67060
2025-11-12 11:53:59,NIFTY,18-Nov-2025,25900,Support,25800,171578,-1953,171578
2025-11-12 11:53:59,NIFTY,18-Nov-2025,25900,Support,25900,107347,-1128,107347
2025-11-12 11:53:59,NIFTY,18-Nov-2025,25900,Support,25700,97128,-1098,97128
2025-11-12 11:53:59,NIFTY,18-Nov-2025,25900,Resistance,26000,121252,-1607,121252
2025-11-12 11:53:59,NIFTY,18-Nov-2025,25900,Resistance,25900,88513,-2784,88513
2025-11-12 11:53:59,NIFTY,18-Nov-2025,25900,Resistance,25800,66335,-290,66335
2025-11-12 11:55:00,NIFTY,18-Nov-2025,25900,Support,25800,173531,1953,176460
2025-11-12 11:55:00,NIFTY,18-Nov-2025,25900,Support,25900,108475,1128,110167
2025-11-12 11:55:00,NIFTY,18-Nov-2025,25900,Support,25700,98226,1098,99873
2025-11-12 11:55:00,NIFTY,18-Nov-2025,25900,Resistance,26000,122859,1607,125269
2025-11-12 11:55:00,NIFTY,18-Nov-2025,25900,Resistance,25900,91297,2784,95473
2025-11-12 11:55:00,NIFTY,18-Nov-2025,25900,Resistance,25800,66625,290,67060
2025-11-12 11:56:01,NIFTY,18-Nov-2025,25900,Support,25800,174463,932,175861
2025-11-12 11:56:01,NIFTY,18-Nov-2025,25900,Support,25900,111458,2983,115932
2025-11-12 11:56:01,NIFTY,18-Nov-2025,25900,Support,25700,98301,75,98413
2025-11-12 11:56:01,NIFTY,18-Nov-2025,25900,Resistance,26000,122427,-432,122427
2025-11-12 11:56:01,NIFTY,18-Nov-2025,25900,Resistance,25900,92157,860,93447
2025-11-12 11:56:01,NIFTY,18-Nov-2025,25900,Resistance,25800,66182,-443,66182
2025-11-12 11:57:02,NIFTY,18-Nov-2025,25900,Support,25800,174463,0,174463
2025-11-12 11:57:02,NIFTY,18-Nov-2025,25900,Support,25900,111458,0,111458
2025-11-12 11:57:02,NIFTY,18-Nov-2025,25900,Support,25700,98301,0,98301
2025-11-12 11:57:02,NIFTY,18-Nov-2025,25900,Resistance,26000,122427,0,122427
2025-11-12 11:57:02,NIFTY,18-Nov-2025,25900,Resistance,25900,92157,0,92157
2025-11-12 11:57:02,NIFTY,18-Nov-2025,25900,Resistance,25800,66182,0,66182
2025-11-12 11:58:03,NIFTY,18-Nov-2025,25900,Support,25800,174463,0,174463
2025-11-12 11:58:03,NIFTY,18-Nov-2025,25900,Support,25900,111458,0,111458
2025-11-12 11:58:03,NIFTY,18-Nov-2025,25900,Support,25700,98301,0,98301
2025-11-12 11:58:03,NIFTY,18-Nov-2025,25900,Resistance,26000,122427,0,122427
2025-11-12 11:58:03,NIFTY,18-Nov-2025,25900,Resistance,25900,92157,0,92157
2025-11-12 11:58:03,NIFTY,18-Nov-2025,25900,Resistance,25800,66182,0,66182
2025-11-12 11:58:58,NIFTY,18-Nov-2025,25900,Support,25800,174463,0,174463
2025-11-12 11:58:58,NIFTY,18-Nov-2025,25900,Support,25900,111458,0,111458
2025-11-12 11:58:58,NIFTY,18-Nov-2025,25900,Support,25700,98301,0,98301
2025-11-12 11:58:58,NIFTY,18-Nov-2025,25900,Resistance,26000,122427,0,122427
2025-11-12 11:58:58,NIFTY,18-Nov-2025,25900,Resistance,25900,92157,0,92157
2025-11-12 11:58:58,NIFTY,18-Nov-2025,25900,Resistance,25800,66182,0,66182
2025-11-12 11:59:58,NIFTY,18-Nov-2025,25900,Support,25800,176459,1996,179453
2025-11-12 11:59:58,NIFTY,18-Nov-2025,25900,Support,25900,111321,-137,111321
2025-11-12 11:59:58,NIFTY,18-Nov-2025,25900,Support,25700,98500,199,98798
2025-11-12 11:59:58,NIFTY,18-Nov-2025,25900,Resistance,26000,123596,1169,125349
2025-11-12 11:59:58,NIFTY,18-Nov-2025,25900,Resistance,25900,92945,788,94127
2025-11-12 11:59:58,NIFTY,18-Nov-2025,25900,Resistance,25800,66477,295,66919
2025-11-12 12:00:58,NIFTY,18-Nov-2025,25900,Support,25800,176459,0,176459
2025-11-12 12:00:58,NIFTY,18-Nov-2025,25900,Support,25900,111321,0,111321
2025-11-12 12:00:58,NIFTY,18-Nov-2025,25900,Support,25700,98500,0,98500
2025-11-12 12:00:58,NIFTY,18-Nov-2025,25900,Resistance,26000,123596,0,123596
2025-11-12 12:00:58,NIFTY,18-Nov-2025,25900,Resistance,25900,92945,0,92945
2025-11-12 12:00:58,NIFTY,18-Nov-2025,25900,Resistance,25800,66477,0,66477
2025-11-12 12:01:59,NIFTY,18-Nov-2025,25900,Support,25800,176459,0,176459
2025-11-12 12:01:59,NIFTY,18-Nov-2025,25900,Support,25900,111321,0,111321
2025-11-12 12:01:59,NIFTY,18-Nov-2025,25900,Support,25700,98500,0,98500
2025-11-12 12:01:59,NIFTY,18-Nov-2025,25900,Resistance,26000,123596,0,123596
2025-11-12 12:01:59,NIFTY,18-Nov-2025,25900,Resistance,25900,92945,0,92945
2025-11-12 12:01:59,NIFTY,18-Nov-2025,25900,Resistance,25800,66477,0,66477
2025-11-12 12:02:58,NIFTY,18-Nov-2025,25900,Support,25800,171881,-4578,171881
2025-11-12 12:02:58,NIFTY,18-Nov-2025,25900,Support,25900,113269,1948,116191
2025-11-12 12:02:58,NIFTY,18-Nov-2025,25900,Support,25700,98015,-485,98015
2025-11-12 12:02:58,NIFTY,18-Nov-2025,25900,Resistance,26000,123831,235,124183
2025-11-12 12:02:58,NIFTY,18-Nov-2025,25900,Resistance,25900,88919,-4026,88919
2025-11-12 12:02:58,NIFTY,18-Nov-2025,25900,Resistance,25800,64636,-1841,64636
2025-11-12 12:03:58,NIFTY,18-Nov-2025,25900,Support,25800,171881,0,171881
2025-11-12 12:03:58,NIFTY,18-Nov-2025,25900,Support,25900,113269,0,113269
2025-11-12 12:03:58,NIFTY,18-Nov-2025,25900,Support,25700,98015,0,98015
2025-11-12 12:03:58,NIFTY,18-Nov-2025,25900,Resistance,26000,123831,0,123831
2025-11-12 12:03:58,NIFTY,18-Nov-2025,25900,Resistance,25900,88919,0,88919
2025-11-12 12:03:58,NIFTY,18-Nov-2025,25900,Resistance,25800,64636,0,64636
2025-11-12 12:04:58,NIFTY,18-Nov-2025,25900,Support,25800,171881,0,171881
2025-11-12 12:04:58,NIFTY,18-Nov-2025,25900,Support,25900,113269,0,113269
2025-11-12 12:04:58,NIFTY,18-Nov-2025,25900,Support,25700,98015,0,98015
2025-11-12 12:04:58,NIFTY,18-Nov-2025,25900,Resistance,26000,123831,0,123831
2025-11-12 12:04:58,NIFTY,18-Nov-2025,25900,Resistance,25900,88919,0,88919
2025-11-12 12:04:58,NIFTY,18-Nov-2025,25900,Resistance,25800,64636,0,64636
2025-11-12 12:05:59,NIFTY,18-Nov-2025,25900,Support,25800,171881,0,171881
2025-11-12 12:05:59,NIFTY,18-Nov-2025,25900,Support,25900,113269,0,113269
2025-11-12 12:05:59,NIFTY,18-Nov-2025,25900,Support,25700,98015,0,98015
2025-11-12 12:05:59,NIFTY,18-Nov-2025,25900,Resistance,26000,123831,0,123831
2025-11-12 12:05:59,NIFTY,18-Nov-2025,25900,Resistance,25900,88919,0,88919
2025-11-12 12:05:59,NIFTY,18-Nov-2025,25900,Resistance,25800,64636,0,64636
2025-11-12 12:07:00,NIFTY,18-Nov-2025,25900,Support,25800,173683,1802,176386
2025-11-12 12:07:00,NIFTY,18-Nov-2025,25900,Support,25900,116294,3025,120831
2025-11-12 12:07:00,NIFTY,18-Nov-2025,25900,Support,25850,99534,3640,104994
2025-11-12 12:07:00,NIFTY,18-Nov-2025,25900,Resistance,26000,120520,-3311,120520
2025-11-12 12:07:00,NIFTY,18-Nov-2025,25900,Resistance,25900,85913,-3006,85913
2025-11-12 12:07:00,NIFTY,18-Nov-2025,25900,Resistance,25800,63487,-1149,63487
2025-11-12 12:08:01,NIFTY,18-Nov-2025,25900,Support,25800,173683,0,173683
2025-11-12 12:08:01,NIFTY,18-Nov-2025,25900,Support,25900,116294,0,116294
2025-11-12 12:08:01,NIFTY,18-Nov-2025,25900,Support,25850,99534,0,99534
2025-11-12 12:08:01,NIFTY,18-Nov-2025,25900,Resistance,26000,120520,0,120520
2025-11-12 12:08:01,NIFTY,18-Nov-2025,25900,Resistance,25900,85913,0,85913
2025-11-12 12:08:01,NIFTY,18-Nov-2025,25900,Resistance,25800,63487,0,63487
2025-11-12 12:09:02,NIFTY,18-Nov-2025,25900,Support,25800,175025,1342,177038
2025-11-12 12:09:02,NIFTY,18-Nov-2025,25900,Support,25900,118372,2078,121489
2025-11-12 12:09:02,NIFTY,18-Nov-2025,25900,Support,25850,101885,2351,105411
2025-11-12 12:09:02,NIFTY,18-Nov-2025,25900,Resistance,26000,120652,132,120850
2025-11-12 12:09:02,NIFTY,18-Nov-2025,25900,Resistance,25900,86149,236,86503
2025-11-12 12:09:02,NIFTY,18-Nov-2025,25900,Resistance,25800,64086,599,64984
2025-11-12 12:10:03,NIFTY,18-Nov-2025,25900,Support,25800,175025,0,175025
2025-11-12 12:10:03,NIFTY,18-Nov-2025,25900,Support,25900,118372,0,118372
2025-11-12 12:10:03,NIFTY,18-Nov-2025,25900,Support,25850,101885,0,101885
2025-11-12 12:10:03,NIFTY,18-Nov-2025,25900,Resistance,26000,120652,0,120652
2025-11-12 12:10:03,NIFTY,18-Nov-2025,25900,Resistance,25900,86149,0,86149
2025-11-12 12:10:03,NIFTY,18-Nov-2025,25900,Resistance,25800,64086,0,64086
2025-11-12 12:11:04,NIFTY,18-Nov-2025,25900,Support,25800,175025,0,175025
2025-11-12 12:11:04,NIFTY,18-Nov-2025,25900,Support,25900,118372,0,118372
2025-11-12 12:11:04,NIFTY,18-Nov-2025,25900,Support,25850,101885,0,101885
2025-11-12 12:11:04,NIFTY,18-Nov-2025,25900,Resistance,26000,120652,0,120652
2025-11-12 12:11:04,NIFTY,18-Nov-2025,25900,Resistance,25900,86149,0,86149
2025-11-12 12:11:04,NIFTY,18-Nov-2025,25900,Resistance,25800,64086,0,64086
2025-11-12 12:12:05,NIFTY,18-Nov-2025,25900,Support,25800,175025,0,175025
2025-11-12 12:12:05,NIFTY,18-Nov-2025,25900,Support,25900,118372,0,118372
2025-11-12 12:12:05,NIFTY,18-Nov-2025,25900,Support,25850,101885,0,101885
2025-11-12 12:12:05,NIFTY,18-Nov-2025,25900,Resistance,26000,120652,0,120652
2025-11-12 12:12:05,NIFTY,18-Nov-2025,25900,Resistance,25900,86149,0,86149
2025-11-12 12:12:05,NIFTY,18-Nov-2025,25900,Resistance,25800,64086,0,64086
2025-11-12 12:13:06,NIFTY,18-Nov-2025,25900,Support,25800,175818,793,177007
2025-11-12 12:13:06,NIFTY,18-Nov-2025,25900,Support,25900,121219,2847,125489
2025-11-12 12:13:06,NIFTY,18-Nov-2025,25900,Support,25850,102692,807,103902
2025-11-12 12:13:06,NIFTY,18-Nov-2025,25900,Resistance,26000,121007,355,121539
2025-11-12 12:13:06,NIFTY,18-Nov-2025,25900,Resistance,25900,86310,161,86551
2025-11-12 12:13:06,NIFTY,18-Nov-2025,25900,Resistance,25800,64333,247,64703
2025-11-12 12:14:07,NIFTY,18-Nov-2025,25900,Support,25800,175818,0,175818
2025-11-12 12:14:07,NIFTY,18-Nov-2025,25900,Support,25900,121219,0,121219
2025-11-12 12:14:07,NIFTY,18-Nov-2025,25900,Support,25850,102692,0,102692
2025-11-12 12:14:07,NIFTY,18-Nov-2025,25900,Resistance,26000,121007,0,121007
2025-11-12 12:14:07,NIFTY,18-Nov-2025,25900,Resistance,25900,86310,0,86310
2025-11-12 12:14:07,NIFTY,18-Nov-2025,25900,Resistance,25800,64333,0,64333
2025-11-12 12:15:08,NIFTY,18-Nov-2025,25900,Support,25800,175538,-280,175538
2025-11-12 12:15:08,NIFTY,18-Nov-2025,25900,Support,25900,119940,-1279,119940
2025-11-12 12:15:08,NIFTY,18-Nov-2025,25900,Support,25850,99935,-2757,99935
2025-11-12 12:15:08,NIFTY,18-Nov-2025,25900,Resistance,26000,122291,1284,124217
2025-11-12 12:15:08,NIFTY,18-Nov-2025,25900,Resistance,25900,87823,1513,90092
2025-11-12 12:15:08,NIFTY,18-Nov-2025,25900,Resistance,25800,63874,-459,63874
2025-11-12 12:16:09,NIFTY,18-Nov-2025,25900,Support,25800,175538,0,175538
2025-11-12 12:16:09,NIFTY,18-Nov-2025,25900,Support,25900,119940,0,119940
2025-11-12 12:16:09,NIFTY,18-Nov-2025,25900,Support,25850,99935,0,99935
2025-11-12 12:16:09,NIFTY,18-Nov-2025,25900,Resistance,26000,122291,0,122291
2025-11-12 12:16:09,NIFTY,18-Nov-2025,25900,Resistance,25900,87823,0,87823
2025-11-12 12:16:09,NIFTY,18-Nov-2025,25900,Resistance,25800,63874,0,63874
2025-11-12 12:17:10,NIFTY,18-Nov-2025,25900,Support,25800,175538,0,175538
2025-11-12 12:17:10,NIFTY,18-Nov-2025,25900,Support,25900,119940,0,119940
2025-11-12 12:17:10,NIFTY,18-Nov-2025,25900,Support,25850,99935,0,99935
2025-11-12 12:17:10,NIFTY,18-Nov-2025,25900,Resistance,26000,122291,0,122291
2025-11-12 12:17:10,NIFTY,18-Nov-2025,25900,Resistance,25900,87823,0,87823
2025-11-12 12:17:10,NIFTY,18-Nov-2025,25900,Resistance,25800,63874,0,63874
2025-11-12 12:18:11,NIFTY,18-Nov-2025,25900,Support,25800,175538,0,175538
2025-11-12 12:18:11,NIFTY,18-Nov-2025,25900,Support,25900,119940,0,119940
2025-11-12 12:18:11,NIFTY,18-Nov-2025,25900,Support,25850,99935,0,99935
2025-11-12 12:18:11,NIFTY,18-Nov-2025,25900,Resistance,26000,122291,0,122291
2025-11-12 12:18:11,NIFTY,18-Nov-2025,25900,Resistance,25900,87823,0,87823
2025-11-12 12:18:11,NIFTY,18-Nov-2025,25900,Resistance,25800,63874,0,63874
2025-11-12 12:18:58,NIFTY,18-Nov-2025,25900,Support,25800,175520,-18,175520
2025-11-12 12:18:58,NIFTY,18-Nov-2025,25900,Support,25900,122694,2754,126825
2025-11-12 12:18:58,NIFTY,18-Nov-2025,25900,Support,25850,100890,955,102322
2025-11-12 12:18:58,NIFTY,18-Nov-2025,25900,Resistance,26000,121684,-607,121684
2025-11-12 12:18:58,NIFTY,18-Nov-2025,25900,Resistance,25900,86758,-1065,86758
2025-11-12 12:18:58,NIFTY,18-Nov-2025,25900,Resistance,25800,63151,-723,63151
2025-11-12 12:19:58,NIFTY,18-Nov-2025,25900,Support,25800,176424,904,177780
2025-11-12 12:19:58,NIFTY,18-Nov-2025,25900,Support,25900,124058,1364,126104
2025-11-12 12:19:58,NIFTY,18-Nov-2025,25900,Support,25850,101940,1050,103515
2025-11-12 12:19:58,NIFTY,18-Nov-2025,25900,Resistance,26000,122423,739,123531
2025-11-12 12:19:58,NIFTY,18-Nov-2025,25900,Resistance,25900,88191,1433,90340
2025-11-12 12:19:58,NIFTY,18-Nov-2025,25900,Resistance,25800,63703,552,64531
2025-11-12 12:20:59,NIFTY,18-Nov-2025,25900,Support,25800,176424,0,176424
2025-11-12 12:20:59,NIFTY,18-Nov-2025,25900,Support,25900,124058,0,124058
2025-11-12 12:20:59,NIFTY,18-Nov-2025,25900,Support,25850,101940,0,101940
2025-11-12 12:20:59,NIFTY,18-Nov-2025,25900,Resistance,26000,122423,0,122423
2025-11-12 12:20:59,NIFTY,18-Nov-2025,25900,Resistance,25900,88191,0,88191
2025-11-12 12:20:59,NIFTY,18-Nov-2025,25900,Resistance,25800,63703,0,63703
2025-11-12 12:22:00,NIFTY,18-Nov-2025,25900,Support,25800,176424,0,176424
2025-11-12 12:22:00,NIFTY,18-Nov-2025,25900,Support,25900,124058,0,124058
2025-11-12 12:22:00,NIFTY,18-Nov-2025,25900,Support,25850,101940,0,101940
2025-11-12 12:22:00,NIFTY,18-Nov-2025,25900,Resistance,26000,122423,0,122423
2025-11-12 12:22:00,NIFTY,18-Nov-2025,25900,Resistance,25900,88191,0,88191
2025-11-12 12:22:00,NIFTY,18-Nov-2025,25900,Resistance,25800,63703,0,63703
2025-11-12 12:23:01,NIFTY,18-Nov-2025,25900,Support,25800,176424,0,176424
2025-11-12 12:23:01,NIFTY,18-Nov-2025,25900,Support,25900,124058,0,124058
2025-11-12 12:23:01,NIFTY,18-Nov-2025,25900,Support,25850,101940,0,101940
2025-11-12 12:23:01,NIFTY,18-Nov-2025,25900,Resistance,26000,122423,0,122423
2025-11-12 12:23:01,NIFTY,18-Nov-2025,25900,Resistance,25900,88191,0,88191
2025-11-12 12:23:01,NIFTY,18-Nov-2025,25900,Resistance,25800,63703,0,63703
2025-11-12 12:24:02,NIFTY,18-Nov-2025,25900,Support,25800,176435,11,176451
2025-11-12 12:24:02,NIFTY,18-Nov-2025,25900,Support,25900,124955,897,126300
2025-11-12 12:24:02,NIFTY,18-Nov-2025,25900,Support,25850,103901,1961,106842
2025-11-12 12:24:02,NIFTY,18-Nov-2025,25900,Resistance,26000,122511,88,122643
2025-11-12 12:24:02,NIFTY,18-Nov-2025,25900,Resistance,25900,89182,991,90668
2025-11-12 12:24:02,NIFTY,18-Nov-2025,25900,Resistance,25800,63667,-36,63667
2025-11-12 12:24:57,NIFTY,18-Nov-2025,25900,Support,25800,176435,0,176435
2025-11-12 12:24:57,NIFTY,18-Nov-2025,25900,Support,25900,124955,0,124955
2025-11-12 12:24:57,NIFTY,18-Nov-2025,25900,Support,25850,103901,0,103901
2025-11-12 12:24:57,NIFTY,18-Nov-2025,25900,Resistance,26000,122511,0,122511
2025-11-12 12:24:57,NIFTY,18-Nov-2025,25900,Resistance,25900,89182,0,89182
2025-11-12 12:24:57,NIFTY,18-Nov-2025,25900,Resistance,25800,63667,0,63667
2025-11-12 12:25:58,NIFTY,18-Nov-2025,25900,Support,25800,176435,0,176435
2025-11-12 12:25:58,NIFTY,18-Nov-2025,25900,Support,25900,124955,0,124955
2025-11-12 12:25:58,NIFTY,18-Nov-2025,25900,Support,25850,103901,0,103901
2025-11-12 12:25:58,NIFTY,18-Nov-2025,25900,Resistance,26000,122511,0,122511
2025-11-12 12:25:58,NIFTY,18-Nov-2025,25900,Resistance,25900,89182,0,89182
2025-11-12 12:25:58,NIFTY,18-Nov-2025,25900,Resistance,25800,63667,0,63667
2025-11-12 12:26:57,NIFTY,18-Nov-2025,25900,Support,25800,175071,-1364,175071
2025-11-12 12:26:57,NIFTY,18-Nov-2025,25900,Support,25900,122635,-2320,122635
2025-11-12 12:26:57,NIFTY,18-Nov-2025,25900,Support,25850,102773,-1128,102773
2025-11-12 12:26:57,NIFTY,18-Nov-2025,25900,Resistance,26000,122886,375,123448
2025-11-12 12:26:57,NIFTY,18-Nov-2025,25900,Resistance,25900,88915,-267,88915
2025-11-12 12:26:57,NIFTY,18-Nov-2025,25900,Resistance,25800,64099,432,64747
2025-11-12 12:27:57,NIFTY,18-Nov-2025,25900,Support,25800,175071,0,175071
2025-11-12 12:27:57,NIFTY,18-Nov-2025,25900,Support,25900,122635,0,122635
2025-11-12 12:27:57,NIFTY,18-Nov-2025,25900,Support,25850,102773,0,102773
2025-11-12 12:27:57,NIFTY,18-Nov-2025,25900,Resistance,26000,122886,0,122886
2025-11-12 12:27:57,NIFTY,18-Nov-2025,25900,Resistance,25900,88915,0,88915
2025-11-12 12:27:57,NIFTY,18-Nov-2025,25900,Resistance,25800,64099,0,64099
2025-11-12 12:28:57,NIFTY,18-Nov-2025,25900,Support,25800,175071,0,175071
2025-11-12 12:28:57,NIFTY,18-Nov-2025,25900,Support,25900,122635,0,122635
2025-11-12 12:28:57,NIFTY,18-Nov-2025,25900,Support,25850,102773,0,102773
2025-11-12 12:28:57,NIFTY,18-Nov-2025,25900,Resistance,26000,122886,0,122886
2025-11-12 12:28:57,NIFTY,18-Nov-2025,25900,Resistance,25900,88915,0,88915
2025-11-12 12:28:57,NIFTY,18-Nov-2025,25900,Resistance,25800,64099,0,64099
2025-11-12 12:29:58,NIFTY,18-Nov-2025,25900,Support,25800,175896,825,177133
2025-11-12 12:29:58,NIFTY,18-Nov-2025,25900,Support,25900,123014,379,123582
2025-11-12 12:29:58,NIFTY,18-Nov-2025,25900,Support,25850,102951,178,103218
2025-11-12 12:29:58,NIFTY,18-Nov-2025,25900,Resistance,26000,123161,275,123573
2025-11-12 12:29:58,NIFTY,18-Nov-2025,25900,Resistance,25900,89008,93,89147
2025-11-12 12:29:58,NIFTY,18-Nov-2025,25900,Resistance,25800,63935,-164,63935
2025-11-12 12:30:58,NIFTY,18-Nov-2025,25900,Support,25800,175896,0,175896
2025-11-12 12:30:58,NIFTY,18-Nov-2025,25900,Support,25900,123014,0,123014
2025-11-12 12:30:58,NIFTY,18-Nov-2025,25900,Support,25850,102951,0,102951
2025-11-12 12:30:58,NIFTY,18-Nov-2025,25900,Resistance,26000,123161,0,123161
2025-11-12 12:30:58,NIFTY,18-Nov-2025,25900,Resistance,25900,89008,0,89008
2025-11-12 12:30:58,NIFTY,18-Nov-2025,25900,Resistance,25800,63935,0,63935
2025-11-12 12:31:58,NIFTY,18-Nov-2025,25900,Support,25800,175896,0,175896
2025-11-12 12:31:58,NIFTY,18-Nov-2025,25900,Support,25900,123014,0,123014
2025-11-12 12:31:58,NIFTY,18-Nov-2025,25900,Support,25850,102951,0,102951
2025-11-12 12:31:58,NIFTY,18-Nov-2025,25900,Resistance,26000,123161,0,123161
2025-11-12 12:31:58,NIFTY,18-Nov-2025,25900,Resistance,25900,89008,0,89008
2025-11-12 12:31:58,NIFTY,18-Nov-2025,25900,Resistance,25800,63935,0,63935
2025-11-12 12:32:58,NIFTY,18-Nov-2025,25900,Support,25800,176708,812,177926
2025-11-12 12:32:58,NIFTY,18-Nov-2025,25900,Support,25900,123000,-14,123000
2025-11-12 12:32:58,NIFTY,18-Nov-2025,25900,Support,25850,103493,542,104306
2025-11-12 12:32:58,NIFTY,18-Nov-2025,25900,Resistance,26000,119895,-3266,119895
2025-11-12 12:32:58,NIFTY,18-Nov-2025,25900,Resistance,25900,87283,-1725,87283
2025-11-12 12:32:58,NIFTY,18-Nov-2025,25900,Resistance,25800,65034,1099,66682
2025-11-12 12:33:59,NIFTY,18-Nov-2025,25900,Support,25800,176708,0,176708
2025-11-12 12:33:59,NIFTY,18-Nov-2025,25900,Support,25900,123000,0,123000
2025-11-12 12:33:59,NIFTY,18-Nov-2025,25900,Support,25850,103493,0,103493
2025-11-12 12:33:59,NIFTY,18-Nov-2025,25900,Resistance,26000,119895,0,119895
2025-11-12 12:33:59,NIFTY,18-Nov-2025,25900,Resistance,25900,87283,0,87283
2025-11-12 12:33:59,NIFTY,18-Nov-2025,25900,Resistance,25800,65034,0,65034
2025-11-12 12:35:00,NIFTY,18-Nov-2025,25900,Support,25800,176115,-593,176115
2025-11-12 12:35:00,NIFTY,18-Nov-2025,25900,Support,25900,123549,549,124372
2025-11-12 12:35:00,NIFTY,18-Nov-2025,25900,Support,25850,103493,0,103493
2025-11-12 12:35:00,NIFTY,18-Nov-2025,25900,Resistance,26000,120522,627,121462
2025-11-12 12:35:00,NIFTY,18-Nov-2025,25900,Resistance,25900,86955,-328,86955
2025-11-12 12:35:00,NIFTY,18-Nov-2025,25900,Resistance,25800,65007,-27,65007
2025-11-12 12:36:01,NIFTY,18-Nov-2025,25900,Support,25800,176115,0,176115
2025-11-12 12:36:01,NIFTY,18-Nov-2025,25900,Support,25900,123549,0,123549
2025-11-12 12:36:01,NIFTY,18-Nov-2025,25900,Support,25850,102818,-675,102818
2025-11-12 12:36:01,NIFTY,18-Nov-2025,25900,Resistance,26000,120522,0,120522
2025-11-12 12:36:01,NIFTY,18-Nov-2025,25900,Resistance,25900,86955,0,86955
2025-11-12 12:36:01,NIFTY,18-Nov-2025,25900,Resistance,25800,65007,0,65007
2025-11-12 12:37:02,NIFTY,18-Nov-2025,25900,Support,25800,176115,0,176115
2025-11-12 12:37:02,NIFTY,18-Nov-2025,25900,Support,25900,123549,0,123549
2025-11-12 12:37:02,NIFTY,18-Nov-2025,25900,Support,25850,102818,0,102818
2025-11-12 12:37:02,NIFTY,18-Nov-2025,25900,Resistance,26000,120522,0,120522
2025-11-12 12:37:02,NIFTY,18-Nov-2025,25900,Resistance,25900,86955,0,86955
2025-11-12 12:37:02,NIFTY,18-Nov-2025,25900,Resistance,25800,65007,0,65007
2025-11-12 12:38:03,NIFTY,18-Nov-2025,25900,Support,25800,176115,0,176115
2025-11-12 12:38:03,NIFTY,18-Nov-2025,25900,Support,25900,123549,0,123549
2025-11-12 12:38:03,NIFTY,18-Nov-2025,25900,Support,25850,102818,0,102818
2025-11-12 12:38:03,NIFTY,18-Nov-2025,25900,Resistance,26000,120522,0,120522
2025-11-12 12:38:03,NIFTY,18-Nov-2025,25900,Resistance,25900,86955,0,86955
2025-11-12 12:38:03,NIFTY,18-Nov-2025,25900,Resistance,25800,65007,0,65007
2025-11-12 12:39:04,NIFTY,18-Nov-2025,25900,Support,25800,175828,-287,175828
2025-11-12 12:39:04,NIFTY,18-Nov-2025,25900,Support,25900,125749,2200,129049
2025-11-12 12:39:04,NIFTY,18-Nov-2025,25900,Support,25850,103209,391,103795
2025-11-12 12:39:04,NIFTY,18-Nov-2025,25900,Resistance,26000,119849,-673,119849
2025-11-12 12:39:04,NIFTY,18-Nov-2025,25900,Resistance,25900,87957,1002,89460
2025-11-12 12:39:04,NIFTY,18-Nov-2025,25900,Resistance,25800,62943,-2064,62943
2025-11-12 12:39:58,NIFTY,18-Nov-2025,25900,Support,25800,175828,0,175828
2025-11-12 12:39:58,NIFTY,18-Nov-2025,25900,Support,25900,125749,0,125749
2025-11-12 12:39:58,NIFTY,18-Nov-2025,25900,Support,25850,103209,0,103209
2025-11-12 12:39:58,NIFTY,18-Nov-2025,25900,Resistance,26000,119849,0,119849
2025-11-12 12:39:58,NIFTY,18-Nov-2025,25900,Resistance,25900,87957,0,87957
2025-11-12 12:39:58,NIFTY,18-Nov-2025,25900,Resistance,25800,62943,0,62943
2025-11-12 12:40:58,NIFTY,18-Nov-2025,25900,Support,25800,175828,0,175828
2025-11-12 12:40:58,NIFTY,18-Nov-2025,25900,Support,25900,125749,0,125749
2025-11-12 12:40:58,NIFTY,18-Nov-2025,25900,Support,25850,103209,0,103209
2025-11-12 12:40:58,NIFTY,18-Nov-2025,25900,Resistance,26000,119849,0,119849
2025-11-12 12:40:58,NIFTY,18-Nov-2025,25900,Resistance,25900,87957,0,87957
2025-11-12 12:40:58,NIFTY,18-Nov-2025,25900,Resistance,25800,62943,0,62943
2025-11-12 12:41:58,NIFTY,18-Nov-2025,25900,Support,25800,175372,-456,175372
2025-11-12 12:41:58,NIFTY,18-Nov-2025,25900,Support,25900,126911,1162,128654
2025-11-12 12:41:58,NIFTY,18-Nov-2025,25900,Support,25700,99144,251,99520
2025-11-12 12:41:58,NIFTY,18-Nov-2025,25900,Resistance,26000,111024,-8825,111024
2025-11-12 12:41:58,NIFTY,18-Nov-2025,25900,Resistance,25900,81991,-5966,81991
2025-11-12 12:41:58,NIFTY,18-Nov-2025,25900,Resistance,26100,56734,-2872,56734
2025-11-12 12:42:58,NIFTY,18-Nov-2025,25900,Support,25800,175372,0,175372
2025-11-12 12:42:58,NIFTY,18-Nov-2025,25900,Support,25900,126911,0,126911
2025-11-12 12:42:58,NIFTY,18-Nov-2025,25900,Support,25700,99144,0,99144
2025-11-12 12:42:58,NIFTY,18-Nov-2025,25900,Resistance,26000,111024,0,111024
2025-11-12 12:42:58,NIFTY,18-Nov-2025,25900,Resistance,25900,81991,0,81991
2025-11-12 12:42:58,NIFTY,18-Nov-2025,25900,Resistance,26100,56734,0,56734
2025-11-12 12:43:57,NIFTY,18-Nov-2025,25900,Support,25800,175372,0,175372
2025-11-12 12:43:57,NIFTY,18-Nov-2025,25900,Support,25900,126911,0,126911
2025-11-12 12:43:57,NIFTY,18-Nov-2025,25900,Support,25850,99073,498,99820
2025-11-12 12:43:57,NIFTY,18-Nov-2025,25900,Resistance,26000,111024,0,111024
2025-11-12 12:43:57,NIFTY,18-Nov-2025,25900,Resistance,25900,81991,0,81991
2025-11-12 12:43:57,NIFTY,18-Nov-2025,25900,Resistance,26100,56734,0,56734
2025-11-12 12:44:57,NIFTY,18-Nov-2025,25900,Support,25800,176287,915,177659
2025-11-12 12:44:57,NIFTY,18-Nov-2025,25900,Support,25900,133481,6570,143336
2025-11-12 12:44:57,NIFTY,18-Nov-2025,25900,Support,25700,99389,245,99756
2025-11-12 12:44:57,NIFTY,18-Nov-2025,25900,Resistance,26000,113456,2432,117104
2025-11-12 12:44:57,NIFTY,18-Nov-2025,25900,Resistance,25900,81368,-623,81368
2025-11-12 12:44:57,NIFTY,18-Nov-2025,25900,Resistance,26100,57614,880,58934
2025-11-12 12:45:58,NIFTY,18-Nov-2025,25900,Support,25800,176287,0,176287
2025-11-12 12:45:58,NIFTY,18-Nov-2025,25900,Support,25900,133481,0,133481
2025-11-12 12:45:58,NIFTY,18-Nov-2025,25900,Support,25700,99389,0,99389
2025-11-12 12:45:58,NIFTY,18-Nov-2025,25900,Resistance,26000,113456,0,113456
2025-11-12 12:45:58,NIFTY,18-Nov-2025,25900,Resistance,25900,81368,0,81368
2025-11-12 12:45:58,NIFTY,18-Nov-2025,25900,Resistance,26100,57614,0,57614
2025-11-12 12:46:58,NIFTY,18-Nov-2025,25900,Support,25800,176287,0,176287
2025-11-12 12:46:58,NIFTY,18-Nov-2025,25900,Support,25900,133481,0,133481
2025-11-12 12:46:58,NIFTY,18-Nov-2025,25900,Support,25700,99389,0,99389
2025-11-12 12:46:58,NIFTY,18-Nov-2025,25900,Resistance,26000,113456,0,113456
2025-11-12 12:46:58,NIFTY,18-Nov-2025,25900,Resistance,25900,81368,0,81368
2025-11-12 12:46:58,NIFTY,18-Nov-2025,25900,Resistance,26100,57614,0,57614
2025-11-12 12:47:59,NIFTY,18-Nov-2025,25900,Support,25800,176287,0,176287
2025-11-12 12:47:59,NIFTY,18-Nov-2025,25900,Support,25900,133481,0,133481
2025-11-12 12:47:59,NIFTY,18-Nov-2025,25900,Support,25700,99389,0,99389
2025-11-12 12:47:59,NIFTY,18-Nov-2025,25900,Resistance,26000,113456,0,113456
2025-11-12 12:47:59,NIFTY,18-Nov-2025,25900,Resistance,25900,81368,0,81368
2025-11-12 12:47:59,NIFTY,18-Nov-2025,25900,Resistance,26100,57614,0,57614
2025-11-12 12:49:00,NIFTY,18-Nov-2025,25900,Support,25800,175371,-916,175371
2025-11-12 12:49:00,NIFTY,18-Nov-2025,25900,Support,25900,136271,2790,140456
2025-11-12 12:49:00,NIFTY,18-Nov-2025,25900,Support,25850,99476,403,100080
2025-11-12 12:49:00,NIFTY,18-Nov-2025,25900,Resistance,26000,113134,-322,113134
2025-11-12 12:49:00,NIFTY,18-Nov-2025,25900,Resistance,25900,79231,-2137,79231
2025-11-12 12:49:00,NIFTY,18-Nov-2025,25900,Resistance,26100,56862,-752,56862
2025-11-12 12:50:01,NIFTY,18-Nov-2025,25900,Support,25800,175371,0,175371
2025-11-12 12:50:01,NIFTY,18-Nov-2025,25900,Support,25900,136271,0,136271
2025-11-12 12:50:01,NIFTY,18-Nov-2025,25900,Support,25850,99476,0,99476
2025-11-12 12:50:01,NIFTY,18-Nov-2025,25900,Resistance,26000,113134,0,113134
2025-11-12 12:50:01,NIFTY,18-Nov-2025,25900,Resistance,25900,79231,0,79231
2025-11-12 12:50:01,NIFTY,18-Nov-2025,25900,Resistance,26100,56862,0,56862
2025-11-12 12:51:02,NIFTY,18-Nov-2025,25900,Support,25800,176243,872,177551
2025-11-12 12:51:02,NIFTY,18-Nov-2025,25900,Support,25900,138875,2604,142781
2025-11-12 12:51:02,NIFTY,18-Nov-2025,25900,Support,25700,99886,731,100982
2025-11-12 12:51:02,NIFTY,18-Nov-2025,25900,Resistance,26000,116603,3469,121806
2025-11-12 12:51:02,NIFTY,18-Nov-2025,25900,Resistance,25900,80130,899,81478
2025-11-12 12:51:02,NIFTY,18-Nov-2025,25900,Resistance,26100,58047,1185,59824
2025-11-12 12:52:03,NIFTY,18-Nov-2025,25900,Support,25800,176243,0,176243
2025-11-12 12:52:03,NIFTY,18-Nov-2025,25900,Support,25900,138875,0,138875
2025-11-12 12:52:03,NIFTY,18-Nov-2025,25900,Support,25700,99886,0,99886
2025-11-12 12:52:03,NIFTY,18-Nov-2025,25900,Resistance,26000,116603,0,116603
2025-11-12 12:52:03,NIFTY,18-Nov-2025,25900,Resistance,25900,80130,0,80130
2025-11-12 12:52:03,NIFTY,18-Nov-2025,25900,Resistance,26100,58047,0,58047
2025-11-12 12:53:04,NIFTY,18-Nov-2025,25900,Support,25800,176243,0,176243
2025-11-12 12:53:04,NIFTY,18-Nov-2025,25900,Support,25900,138875,0,138875
2025-11-12 12:53:04,NIFTY,18-Nov-2025,25900,Support,25700,99886,0,99886
2025-11-12 12:53:04,NIFTY,18-Nov-2025,25900,Resistance,26000,116603,0,116603
2025-11-12 12:53:04,NIFTY,18-Nov-2025,25900,Resistance,25900,80130,0,80130
2025-11-12 12:53:04,NIFTY,18-Nov-2025,25900,Resistance,26100,58047,0,58047
2025-11-12 12:54:08,NIFTY,18-Nov-2025,25900,Support,25800,176982,739,178090
2025-11-12 12:54:08,NIFTY,18-Nov-2025,25900,Support,25900,143286,4411,149902
2025-11-12 12:54:08,NIFTY,18-Nov-2025,25900,Support,25850,101382,1545,103699
2025-11-12 12:54:08,NIFTY,18-Nov-2025,25900,Resistance,26000,114631,-1972,114631
2025-11-12 12:54:08,NIFTY,18-Nov-2025,25900,Resistance,25900,78304,-1826,78304
2025-11-12 12:54:08,NIFTY,18-Nov-2025,25900,Resistance,26100,58077,30,58122
2025-11-12 12:55:08,NIFTY,18-Nov-2025,25900,Support,25800,176982,0,176982
2025-11-12 12:55:08,NIFTY,18-Nov-2025,25900,Support,25900,143286,0,143286
2025-11-12 12:55:08,NIFTY,18-Nov-2025,25900,Support,25850,101382,0,101382
2025-11-12 12:55:08,NIFTY,18-Nov-2025,25900,Resistance,26000,114631,0,114631
2025-11-12 12:55:08,NIFTY,18-Nov-2025,25900,Resistance,25900,78304,0,78304
2025-11-12 12:55:08,NIFTY,18-Nov-2025,25900,Resistance,26100,58077,0,58077
2025-11-12 12:56:09,NIFTY,18-Nov-2025,25900,Support,25800,176982,0,176982
2025-11-12 12:56:09,NIFTY,18-Nov-2025,25900,Support,25900,143286,0,143286
2025-11-12 12:56:09,NIFTY,18-Nov-2025,25900,Support,25850,101382,0,101382
2025-11-12 12:56:09,NIFTY,18-Nov-2025,25900,Resistance,26000,114631,0,114631
2025-11-12 12:56:09,NIFTY,18-Nov-2025,25900,Resistance,25900,78304,0,78304
2025-11-12 12:56:09,NIFTY,18-Nov-2025,25900,Resistance,26100,58077,0,58077
