timestamp,symbol,expiry,strike,call_vega,put_vega,total_vega,call_oi,put_oi,change_call_oi,change_put_oi,oi_diff,change_oi_diff
2025-11-10 18:58:30,NIFTY,11-Nov-2025,25600,0.0,5.2423,5.2423,146967,134210,0,0,-12757,0
2025-11-10 18:59:32,NIFTY,11-Nov-2025,25600,0.0,5.2423,5.2423,146967,134210,0,0,-12757,0
2025-11-10 19:00:31,NIFTY,11-Nov-2025,25600,0.0,5.2423,5.2423,146967,134210,0,0,-12757,0
2025-11-10 19:01:31,NIFTY,11-Nov-2025,25550,5.2814,5.1725,10.4539,42079,104407,0,0,62328,0
2025-11-10 19:02:31,NIFTY,11-Nov-2025,25550,5.2814,5.1725,10.4539,42079,104407,0,0,62328,0
2025-11-10 19:03:32,NIFTY,11-Nov-2025,25550,5.2814,5.1725,10.4539,42079,104407,0,0,62328,0
2025-11-10 19:04:31,NIFTY,11-Nov-2025,25550,5.2814,5.1725,10.4539,42079,104407,0,0,62328,0
2025-11-10 19:05:31,NIFTY,11-Nov-2025,25550,5.2814,5.1725,10.4539,42079,104407,0,0,62328,0
2025-11-10 19:06:31,NIFTY,11-Nov-2025,25550,5.2814,5.1725,10.4539,42079,104407,0,0,62328,0
2025-11-10 19:07:31,NIFTY,11-Nov-2025,25550,5.2814,5.1725,10.4539,42079,104407,0,0,62328,0
2025-11-10 19:08:31,NIFTY,11-Nov-2025,25550,5.2814,5.1725,10.4539,42079,104407,0,0,62328,0
2025-11-10 19:09:31,NIFTY,11-Nov-2025,25550,5.2814,5.1725,10.4539,42079,104407,0,0,62328,0
2025-11-10 19:10:32,NIFTY,11-Nov-2025,25550,5.2814,5.1725,10.4539,42079,104407,0,0,62328,0
2025-11-10 19:11:33,NIFTY,11-Nov-2025,25550,5.2814,5.1725,10.4539,42079,104407,0,0,62328,0
2025-11-10 19:11:55,BANKNIFTY,25-Nov-2025,57900,44.8285,44.6558,89.4843,4799,5934,0,0,1135,0
2025-11-10 19:12:22,NIFTY,11-Nov-2025,25550,5.2814,5.1725,10.4539,42079,104407,0,0,62328,0
2025-11-10 19:12:54,NIFTY,11-Nov-2025,25550,5.2814,5.1725,10.4539,42079,104407,0,0,62328,0
2025-11-10 19:13:54,NIFTY,11-Nov-2025,25550,5.2814,5.1725,10.4539,42079,104407,0,0,62328,0
2025-11-10 19:14:54,NIFTY,11-Nov-2025,25550,5.2814,5.1725,10.4539,42079,104407,0,0,62328,0
2025-11-10 19:15:54,NIFTY,11-Nov-2025,25550,5.2814,5.1725,10.4539,42079,104407,0,0,62328,0
2025-11-10 19:16:54,NIFTY,11-Nov-2025,25550,5.2814,5.1725,10.4539,42079,104407,0,0,62328,0
2025-11-10 19:57:26,NIFTY,11-Nov-2025,25550,5.2814,5.1725,10.4539,42079,104407,0,0,62328,0
2025-11-10 19:58:01,NIFTY,11-Nov-2025,25550,5.2814,5.1725,10.4539,42079,104407,0,0,62328,0
2025-11-10 20:02:43,NIFTY,11-Nov-2025,25550,5.2814,5.1725,10.4539,42079,104407,0,0,62328,0
2025-11-10 20:06:06,NIFTY,11-Nov-2025,25550,5.2814,5.1725,10.4539,42079,104407,0,0,62328,0
2025-11-10 20:06:34,NIFTY,11-Nov-2025,25550,5.2814,5.1725,10.4539,42079,104407,0,0,62328,0
2025-11-10 20:07:38,NIFTY,11-Nov-2025,25550,5.2814,5.1725,10.4539,42079,104407,0,0,62328,0
2025-11-10 20:09:14,NIFTY,11-Nov-2025,25550,5.2814,5.1725,10.4539,42079,104407,0,0,62328,0
2025-11-10 20:14:35,NIFTY,11-Nov-2025,25550,5.2814,5.1725,10.4539,42079,104407,0,0,62328,0
2025-11-10 20:15:06,NIFTY,11-Nov-2025,25550,5.2814,5.1725,10.4539,42079,104407,0,0,62328,0
2025-11-10 23:25:50,NIFTY,11-Nov-2025,25550,5.2814,5.1725,10.4539,42079,104407,0,0,62328,0
2025-11-10 23:38:02,NIFTY,11-Nov-2025,25550,5.2814,5.1725,10.4539,42079,104407,0,0,62328,0
2025-11-10 23:45:00,NIFTY,11-Nov-2025,25550,5.2814,5.1725,10.4539,42079,104407,0,0,62328,0
2025-11-10 23:46:01,NIFTY,11-Nov-2025,25550,5.2814,5.1725,10.4539,42079,104407,0,0,62328,0
2025-11-10 23:47:01,NIFTY,11-Nov-2025,25550,5.2814,5.1725,10.4539,42079,104407,0,0,62328,0
2025-11-10 23:48:01,NIFTY,11-Nov-2025,25550,5.2814,5.1725,10.4539,42079,104407,0,0,62328,0
2025-11-10 23:49:01,NIFTY,11-Nov-2025,25550,5.2814,5.1725,10.4539,42079,104407,0,0,62328,0
2025-11-10 23:50:01,NIFTY,11-Nov-2025,25550,5.2814,5.1725,10.4539,42079,104407,0,0,62328,0
2025-11-10 23:51:01,NIFTY,11-Nov-2025,25550,5.2814,5.1725,10.4539,42079,104407,0,0,62328,0
2025-11-10 23:52:02,NIFTY,11-Nov-2025,25550,5.2814,5.1725,10.4539,42079,104407,0,0,62328,0
2025-11-10 23:53:02,NIFTY,11-Nov-2025,25550,5.2814,5.1725,10.4539,42079,104407,0,0,62328,0
2025-11-10 23:54:03,NIFTY,11-Nov-2025,25550,5.2814,5.1725,10.4539,42079,104407,0,0,62328,0
2025-11-10 23:55:04,NIFTY,11-Nov-2025,25550,5.2814,5.1725,10.4539,42079,104407,0,0,62328,0
2025-11-11 00:07:24,NIFTY,11-Nov-2025,25550,5.2814,5.1725,10.4539,42079,104407,0,0,62328,0
2025-11-11 00:08:25,NIFTY,11-Nov-2025,25550,5.2814,5.1725,10.4539,42079,104407,0,0,62328,0
2025-11-11 00:09:25,NIFTY,11-Nov-2025,25550,5.2814,5.1725,10.4539,42079,104407,0,0,62328,0
2025-11-11 00:10:25,NIFTY,11-Nov-2025,25550,5.2814,5.1725,10.4539,42079,104407,0,0,62328,0
2025-11-11 00:11:27,NIFTY,11-Nov-2025,25550,5.2814,5.1725,10.4539,42079,104407,0,0,62328,0
2025-11-11 00:12:25,NIFTY,11-Nov-2025,25550,5.2814,5.1725,10.4539,42079,104407,0,0,62328,0
2025-11-11 00:50:43,NIFTY,11-Nov-2025,25550,5.2814,5.1725,10.4539,42079,104407,0,0,62328,0
2025-11-11 00:50:59,NIFTY,11-Nov-2025,25550,5.2814,5.1725,10.4539,42079,104407,0,0,62328,0
2025-11-11 02:10:30,NIFTY,11-Nov-2025,25550,5.2814,5.1725,10.4539,42079,104407,0,0,62328,0
2025-11-11 02:11:02,NIFTY,11-Nov-2025,25550,5.2814,5.1725,10.4539,42079,104407,0,0,62328,0
2025-11-11 02:12:04,NIFTY,11-Nov-2025,25550,5.2814,5.1725,10.4539,42079,104407,0,0,62328,0
2025-11-11 02:13:04,NIFTY,11-Nov-2025,25550,5.2814,5.1725,10.4539,42079,104407,0,0,62328,0
2025-11-11 02:31:08,NIFTY,11-Nov-2025,25550,5.2814,5.1725,10.4539,42079,104407,0,0,62328,0
2025-11-11 02:34:01,NIFTY,11-Nov-2025,25550,5.2814,5.1725,10.4539,42079,104407,0,0,62328,0
2025-11-11 02:34:14,NIFTY,11-Nov-2025,25550,5.2814,5.1725,10.4539,42079,104407,0,0,62328,0
2025-11-11 02:34:26,NIFTY,11-Nov-2025,25550,5.2814,5.1725,10.4539,42079,104407,0,0,62328,0
2025-11-11 02:35:28,NIFTY,11-Nov-2025,25550,5.2814,5.1725,10.4539,42079,104407,0,0,62328,0
2025-11-11 09:14:28,NIFTY,11-Nov-2025,25550,5.2814,5.1725,10.4539,42079,104407,0,0,62328,0
2025-11-11 09:15:31,NIFTY,11-Nov-2025,25550,5.2814,5.1725,10.4539,42079,104407,0,0,62328,0
2025-11-11 09:16:32,NIFTY,11-Nov-2025,25550,5.2814,0.0,5.2814,42079,0,0,-104407,-42079,-104407
2025-11-11 09:18:32,NIFTY,11-Nov-2025,25600,0.0,0.0,0.0,143510,128573,0,0,-14937,0
2025-11-11 09:19:16,NIFTY,11-Nov-2025,25600,5.3433,5.3423,10.6856,166224,162615,0,0,-3609,0
2025-11-11 09:21:00,NIFTY,11-Nov-2025,25550,5.3097,5.299,10.6087,47450,117272,0,0,69822,0
2025-11-11 09:22:00,NIFTY,11-Nov-2025,25550,5.2999,5.2784,10.5784,47450,117272,0,0,69822,0
2025-11-11 09:22:59,NIFTY,11-Nov-2025,25500,5.2346,5.2246,10.4591,76832,226988,0,0,150156,0
2025-11-11 09:23:59,NIFTY,11-Nov-2025,25500,5.2361,5.2263,10.4624,76832,226988,0,0,150156,0
2025-11-11 09:24:59,NIFTY,11-Nov-2025,25550,5.3158,5.2951,10.6109,87719,147441,40269,30169,59722,-10100
2025-11-11 09:26:00,NIFTY,11-Nov-2025,25550,0.0,0.0,0.0,147114,133440,59395,-14001,-13674,-73396
2025-11-11 09:26:59,NIFTY,11-Nov-2025,25550,5.329,5.329,10.658,147114,133440,0,0,-13674,0
2025-11-11 09:27:59,NIFTY,11-Nov-2025,25500,0.0,0.0,0.0,143648,251380,66816,24392,107732,-42424
2025-11-11 09:28:59,NIFTY,11-Nov-2025,25500,5.2101,5.2451,10.4553,143648,251380,0,0,107732,0
2025-11-11 09:30:00,NIFTY,11-Nov-2025,25500,0.0,0.0,0.0,143648,251380,0,0,107732,0
2025-11-11 09:31:01,NIFTY,11-Nov-2025,25500,5.2719,5.259,10.5309,143648,251380,0,0,107732,0
2025-11-11 09:31:59,NIFTY,11-Nov-2025,25500,5.2168,5.2181,10.4349,174488,274262,30840,22882,99774,-7958
2025-11-11 09:33:00,NIFTY,11-Nov-2025,25500,5.2168,5.2181,10.4349,174488,274262,0,0,99774,0
2025-11-11 09:34:01,NIFTY,11-Nov-2025,25500,5.2168,5.2181,10.4349,174488,274262,0,0,99774,0
2025-11-11 09:35:02,NIFTY,11-Nov-2025,25500,0.0,0.0,0.0,193294,292895,18806,18633,99601,-173
2025-11-11 09:36:00,NIFTY,11-Nov-2025,25500,0.0,0.0,0.0,193294,292895,0,0,99601,0
2025-11-11 09:37:01,NIFTY,11-Nov-2025,25500,5.3173,5.3179,10.6352,193294,292895,0,0,99601,0
2025-11-11 09:38:02,NIFTY,11-Nov-2025,25500,5.3091,5.3091,10.6182,218027,290893,24733,-2002,72866,-26735
2025-11-11 09:39:03,NIFTY,11-Nov-2025,25500,5.3084,5.3085,10.6169,218027,290893,0,0,72866,0
2025-11-11 09:40:04,NIFTY,11-Nov-2025,25500,5.3084,5.3085,10.6169,218027,290893,0,0,72866,0
2025-11-11 09:41:05,NIFTY,11-Nov-2025,25500,5.3221,5.3223,10.6444,261345,266068,43318,-24825,4723,-68143
2025-11-11 09:42:06,NIFTY,11-Nov-2025,25500,5.323,5.3231,10.6461,261345,266068,0,0,4723,0
2025-11-11 09:43:07,NIFTY,11-Nov-2025,25500,0.0,0.0,0.0,261345,266068,0,0,4723,0
2025-11-11 09:44:08,NIFTY,11-Nov-2025,25500,0.0,0.0,0.0,261345,266068,0,0,4723,0
2025-11-11 09:45:09,NIFTY,11-Nov-2025,25500,5.218,5.2237,10.4417,279762,291836,18417,25768,12074,7351
2025-11-11 09:46:10,NIFTY,11-Nov-2025,25500,5.242,5.241,10.483,267056,319349,-12706,27513,52293,40219
2025-11-11 09:47:11,NIFTY,11-Nov-2025,25500,5.242,5.241,10.483,267056,319349,0,0,52293,0
2025-11-11 09:48:12,NIFTY,11-Nov-2025,25500,5.1827,5.1933,10.376,267056,319349,0,0,52293,0
2025-11-11 09:49:13,NIFTY,11-Nov-2025,25500,5.1827,5.1933,10.376,267056,319349,0,0,52293,0
2025-11-11 09:50:14,NIFTY,11-Nov-2025,25500,5.1827,5.1933,10.376,267056,319349,0,0,52293,0
2025-11-11 09:51:15,NIFTY,11-Nov-2025,25500,0.0,0.0,0.0,266356,340922,-700,21573,74566,22273
2025-11-11 09:52:16,NIFTY,11-Nov-2025,25500,5.3224,5.3226,10.645,271971,347914,5615,6992,75943,1377
2025-11-11 09:53:17,NIFTY,11-Nov-2025,25500,5.3238,5.3238,10.6475,271971,347914,0,0,75943,0
2025-11-11 09:54:18,NIFTY,11-Nov-2025,25500,5.3238,5.3238,10.6475,271971,347914,0,0,75943,0
2025-11-11 09:55:19,NIFTY,11-Nov-2025,25500,5.3238,5.3238,10.6475,271971,347914,0,0,75943,0
2025-11-11 09:56:20,NIFTY,11-Nov-2025,25500,5.3232,5.3231,10.6464,300817,317292,28846,-30622,16475,-59468
2025-11-11 09:57:21,NIFTY,11-Nov-2025,25500,5.3232,5.3231,10.6464,300817,317292,0,0,16475,0
2025-11-11 09:58:22,NIFTY,11-Nov-2025,25500,5.3232,5.3231,10.6464,300817,317292,0,0,16475,0
2025-11-11 09:59:23,NIFTY,11-Nov-2025,25500,5.3235,5.3235,10.647,300817,317292,0,0,16475,0
2025-11-11 10:00:24,NIFTY,11-Nov-2025,25500,5.3103,5.3106,10.621,317630,321363,16813,4071,3733,-12742
2025-11-11 10:01:25,NIFTY,11-Nov-2025,25500,5.3103,5.3104,10.6206,317630,321363,0,0,3733,0
2025-11-11 10:02:26,NIFTY,11-Nov-2025,25500,5.3103,5.3106,10.621,317630,321363,0,0,3733,0
2025-11-11 10:03:27,NIFTY,11-Nov-2025,25500,5.2196,5.2115,10.4311,316169,326530,-1461,5167,10361,6628
2025-11-11 10:04:28,NIFTY,11-Nov-2025,25500,5.2558,5.2539,10.5097,316169,326530,0,0,10361,0
2025-11-11 10:05:29,NIFTY,11-Nov-2025,25500,5.2558,5.2539,10.5097,316169,326530,0,0,10361,0
2025-11-11 10:06:21,NIFTY,11-Nov-2025,25500,5.2449,5.2428,10.4878,316169,326530,0,0,10361,0
2025-11-11 10:06:59,NIFTY,11-Nov-2025,25550,5.2695,5.2692,10.5387,359908,158229,212794,24789,-201679,-188005
2025-11-11 10:07:59,NIFTY,11-Nov-2025,25500,5.2594,5.2577,10.5171,297331,365310,-18838,38780,67979,57618
2025-11-11 10:08:59,NIFTY,11-Nov-2025,25500,5.2636,5.262,10.5256,297331,365310,0,0,67979,0
2025-11-11 10:09:59,NIFTY,11-Nov-2025,25500,5.2594,5.2577,10.5171,297331,365310,0,0,67979,0
2025-11-11 10:10:59,NIFTY,11-Nov-2025,25500,5.271,5.2695,10.5405,297331,365310,0,0,67979,0
2025-11-11 10:11:59,NIFTY,11-Nov-2025,25500,5.271,5.2695,10.5405,297331,365310,0,0,67979,0
2025-11-11 10:12:59,NIFTY,11-Nov-2025,25550,5.3135,5.3134,10.627,368360,171455,8452,13226,-196905,4774
2025-11-11 10:13:59,NIFTY,11-Nov-2025,25550,5.3135,5.3134,10.627,368360,171455,0,0,-196905,0
2025-11-11 10:14:59,NIFTY,11-Nov-2025,25550,5.2894,5.3039,10.5933,356529,162826,-11831,-8629,-193703,3202
2025-11-11 10:15:59,NIFTY,11-Nov-2025,25500,5.2545,5.2792,10.5337,290370,401047,-6961,35737,110677,42698
2025-11-11 10:16:59,NIFTY,11-Nov-2025,25500,5.2538,5.2794,10.5331,290370,401047,0,0,110677,0
2025-11-11 10:17:59,NIFTY,11-Nov-2025,25500,5.2538,5.2794,10.5331,290370,401047,0,0,110677,0
2025-11-11 10:18:59,NIFTY,11-Nov-2025,25500,5.318,5.3202,10.6382,290370,401047,0,0,110677,0
2025-11-11 10:19:59,NIFTY,11-Nov-2025,25500,5.284,5.2983,10.5823,295720,389243,5350,-11804,93523,-17154
2025-11-11 10:21:00,NIFTY,11-Nov-2025,25500,5.284,5.2983,10.5823,295720,389243,0,0,93523,0
2025-11-11 10:22:01,NIFTY,11-Nov-2025,25500,5.284,5.2983,10.5823,295720,389243,0,0,93523,0
2025-11-11 10:23:02,NIFTY,11-Nov-2025,25500,5.2715,5.2902,10.5616,295720,389243,0,0,93523,0
2025-11-11 10:24:03,NIFTY,11-Nov-2025,25500,5.3033,5.3024,10.6057,297023,401329,1303,12086,104306,10783
2025-11-11 10:25:04,NIFTY,11-Nov-2025,25500,5.3014,5.3005,10.6019,297023,401329,0,0,104306,0
2025-11-11 10:26:05,NIFTY,11-Nov-2025,25500,5.3014,5.3005,10.6019,297023,401329,0,0,104306,0
2025-11-11 10:26:59,NIFTY,11-Nov-2025,25500,5.3198,5.3197,10.6395,304094,405439,7071,4110,101345,-2961
2025-11-11 10:28:00,NIFTY,11-Nov-2025,25500,5.3217,5.3217,10.6434,304094,405439,0,0,101345,0
2025-11-11 10:29:01,NIFTY,11-Nov-2025,25500,5.3224,5.3223,10.6447,304094,405439,0,0,101345,0
2025-11-11 10:30:02,NIFTY,11-Nov-2025,25500,5.3224,5.3223,10.6447,304094,405439,0,0,101345,0
2025-11-11 10:31:03,NIFTY,11-Nov-2025,25500,5.3227,5.3226,10.6453,322558,378518,18464,-26921,55960,-45385
2025-11-11 10:32:04,NIFTY,11-Nov-2025,25500,5.3237,5.3237,10.6474,332022,377354,9464,-1164,45332,-10628
2025-11-11 10:33:05,NIFTY,11-Nov-2025,25500,5.3151,5.3148,10.6299,332022,377354,0,0,45332,0
2025-11-11 10:34:06,NIFTY,11-Nov-2025,25500,5.3151,5.3148,10.6299,332022,377354,0,0,45332,0
2025-11-11 10:35:07,NIFTY,11-Nov-2025,25500,5.3165,5.3148,10.6312,332022,377354,0,0,45332,0
2025-11-11 10:36:08,NIFTY,11-Nov-2025,25500,5.316,5.3145,10.6305,332022,377354,0,0,45332,0
2025-11-11 10:37:09,NIFTY,11-Nov-2025,25450,5.2037,5.1768,10.3806,82289,268159,0,0,185870,0
2025-11-11 10:38:10,NIFTY,11-Nov-2025,25450,5.2335,5.2099,10.4434,91211,243143,8922,-25016,151932,-33938
2025-11-11 10:39:11,NIFTY,11-Nov-2025,25450,5.2335,5.2099,10.4434,91211,243143,0,0,151932,0
2025-11-11 10:39:59,NIFTY,11-Nov-2025,25450,5.2335,5.2099,10.4434,91211,243143,0,0,151932,0
2025-11-11 10:40:59,NIFTY,11-Nov-2025,25450,5.2958,5.2913,10.5871,91211,243143,0,0,151932,0
2025-11-11 10:41:59,NIFTY,11-Nov-2025,25450,5.3,5.2958,10.5958,91211,243143,0,0,151932,0
2025-11-11 10:43:00,NIFTY,11-Nov-2025,25450,5.2958,5.2913,10.5871,91211,243143,0,0,151932,0
2025-11-11 10:44:01,NIFTY,11-Nov-2025,25450,5.2885,5.281,10.5695,117881,205086,26670,-38057,87205,-64727
2025-11-11 10:45:02,NIFTY,11-Nov-2025,25450,5.2795,5.2747,10.5542,138105,212962,20224,7876,74857,-12348
2025-11-11 10:45:59,NIFTY,11-Nov-2025,25450,5.2795,5.2747,10.5542,138105,212962,0,0,74857,0
2025-11-11 10:47:00,NIFTY,11-Nov-2025,25450,5.2958,5.2962,10.5919,138105,212962,0,0,74857,0
2025-11-11 10:47:59,NIFTY,11-Nov-2025,25450,5.2919,5.2924,10.5843,138105,212962,0,0,74857,0
2025-11-11 10:49:00,NIFTY,11-Nov-2025,25450,5.2984,5.2963,10.5947,151136,223947,13031,10985,72811,-2046
2025-11-11 10:50:00,NIFTY,11-Nov-2025,25450,5.2708,5.2648,10.5355,164377,232748,13241,8801,68371,-4440
2025-11-11 10:51:00,NIFTY,11-Nov-2025,25450,5.2708,5.2648,10.5355,164377,232748,0,0,68371,0
2025-11-11 10:52:01,NIFTY,11-Nov-2025,25450,5.2708,5.2648,10.5355,164377,232748,0,0,68371,0
2025-11-11 10:53:02,NIFTY,11-Nov-2025,25450,5.2897,5.2863,10.576,170032,239153,5655,6405,69121,750
2025-11-11 10:54:03,NIFTY,11-Nov-2025,25450,5.2897,5.2863,10.576,170032,239153,0,0,69121,0
2025-11-11 10:55:04,NIFTY,11-Nov-2025,25450,5.2471,5.2285,10.4756,170032,239153,0,0,69121,0
2025-11-11 10:56:05,NIFTY,11-Nov-2025,25450,5.1293,5.1284,10.2577,169860,244943,-172,5790,75083,5962
2025-11-11 10:57:06,NIFTY,11-Nov-2025,25450,5.1293,5.1284,10.2577,169860,244943,0,0,75083,0
2025-11-11 10:58:07,NIFTY,11-Nov-2025,25500,5.2588,5.2602,10.519,502217,267381,170195,-109973,-234836,-280168
2025-11-11 11:30:38,NIFTY,11-Nov-2025,25450,5.1439,5.1389,10.2827,5.1439,5.1389,10.2827,163077,333577,0,0,170500,0
2025-11-11 11:30:50,NIFTY,11-Nov-2025,25450,5.1439,5.1389,10.2827,5.1439,5.1389,10.2827,163077,333577,0,0,170500,0
2025-11-11 11:31:57,NIFTY,11-Nov-2025,25450,5.1439,5.1389,10.2827,0.0,0.0,0.0,163077,335967,0,2390,172890,2390
2025-11-11 11:32:57,NIFTY,11-Nov-2025,25450,5.1439,5.1389,10.2827,0.0,0.0,0.0,163077,333577,0,-2390,170500,-2390
2025-11-11 11:44:36,NIFTY,11-Nov-2025,25500,5.304791,5.307962,10.612753,5.304791,5.307962,10.612753,559293,322062,0,0,-237231,0
2025-11-11 11:46:12,NIFTY,11-Nov-2025,25500,5.3076,5.3098,10.6174,559293,322062,0,0,-237231,0
2025-11-11 11:47:14,NIFTY,11-Nov-2025,25500,5.3237,5.3237,10.6474,559293,322062,0,0,-237231,0
2025-11-11 11:48:14,NIFTY,11-Nov-2025,25500,5.3237,5.3237,10.6474,559293,322062,0,0,-237231,0
2025-11-11 11:49:13,NIFTY,11-Nov-2025,25500,5.3212,5.3217,10.6429,540652,327015,-18641,4953,-213637,23594
2025-11-11 11:50:14,NIFTY,11-Nov-2025,25500,5.3159,5.3173,10.6332,526524,349896,-14128,22881,-176628,37009
2025-11-11 11:51:14,NIFTY,11-Nov-2025,25500,5.3159,5.3173,10.6332,526524,349896,0,0,-176628,0
2025-11-11 11:52:14,NIFTY,11-Nov-2025,25500,5.3159,5.3173,10.6332,526524,349896,0,0,-176628,0
2025-11-11 11:53:14,NIFTY,11-Nov-2025,25500,5.2995,5.3031,10.6026,499000,370675,-27524,20779,-128325,48303
2025-11-11 11:54:15,NIFTY,11-Nov-2025,25500,5.3145,5.315,10.6295,499000,370675,0,0,-128325,0
2025-11-11 11:55:16,NIFTY,11-Nov-2025,25500,5.3145,5.315,10.6295,499000,370675,0,0,-128325,0
2025-11-11 11:56:15,NIFTY,11-Nov-2025,25500,5.3145,5.315,10.6295,499000,370675,0,0,-128325,0
2025-11-11 11:57:45,NIFTY,11-Nov-2025,25550,5.2238,5.2296,10.4534,401851,130867,0,0,-270984,0
2025-11-11 11:58:47,NIFTY,11-Nov-2025,25550,5.3021,5.3038,10.606,401851,130867,0,0,-270984,0
2025-11-11 11:59:47,NIFTY,11-Nov-2025,25550,5.3047,5.3058,10.6106,401851,130867,0,0,-270984,0
2025-11-11 12:00:47,NIFTY,11-Nov-2025,25550,5.2948,5.2963,10.5911,355016,163298,-46835,32431,-191718,79266
2025-11-11 12:01:47,NIFTY,11-Nov-2025,25550,5.2817,5.2845,10.5661,350622,179339,-4394,16041,-171283,20435
2025-11-11 12:02:47,NIFTY,11-Nov-2025,25550,5.2817,5.2845,10.5661,350622,179339,0,0,-171283,0
2025-11-11 12:03:47,NIFTY,11-Nov-2025,25500,5.0645,5.076,10.1404,342408,460072,0,0,117664,0
2025-11-11 12:04:46,NIFTY,11-Nov-2025,25550,5.2865,5.3002,10.5867,357375,182976,6753,3637,-174399,-3116
2025-11-11 12:05:47,NIFTY,11-Nov-2025,25550,5.2865,5.3002,10.5867,357375,182976,0,0,-174399,0
2025-11-11 12:06:48,NIFTY,11-Nov-2025,25550,5.2938,5.3053,10.5991,357375,182976,0,0,-174399,0
2025-11-11 12:07:47,NIFTY,11-Nov-2025,25550,5.301,5.3097,10.6107,357375,182976,0,0,-174399,0
2025-11-11 12:08:48,NIFTY,11-Nov-2025,25550,5.3299,5.3312,10.6611,354851,193608,-2524,10632,-161243,13156
2025-11-11 12:09:47,NIFTY,11-Nov-2025,25550,5.3299,5.3312,10.6611,354851,193608,0,0,-161243,0
2025-11-11 12:10:47,NIFTY,11-Nov-2025,25550,5.3079,5.3148,10.6227,354851,193608,0,0,-161243,0
2025-11-11 12:11:47,NIFTY,11-Nov-2025,25550,5.3132,5.3191,10.6323,354851,193608,0,0,-161243,0
2025-11-11 12:12:48,NIFTY,11-Nov-2025,25550,5.3118,5.3181,10.6299,324768,218986,-30083,25378,-105782,55461
2025-11-11 12:13:49,NIFTY,11-Nov-2025,25550,5.3118,5.3181,10.6299,324768,218986,0,0,-105782,0
2025-11-11 12:14:50,NIFTY,11-Nov-2025,25550,5.3139,5.3144,10.6283,330366,228463,5598,9477,-101903,3879
2025-11-11 12:15:51,NIFTY,11-Nov-2025,25550,5.2832,5.2846,10.5678,330366,228463,0,0,-101903,0
2025-11-11 12:16:52,NIFTY,11-Nov-2025,25550,5.2832,5.2846,10.5678,330366,228463,0,0,-101903,0
2025-11-11 12:17:53,NIFTY,11-Nov-2025,25550,5.2905,5.2921,10.5826,330366,228463,0,0,-101903,0
2025-11-11 12:18:54,NIFTY,11-Nov-2025,25550,5.308,5.3089,10.6169,338961,230409,8595,1946,-108552,-6649
2025-11-11 12:19:55,NIFTY,11-Nov-2025,25550,5.3339,5.3339,10.6677,349043,237695,10082,7286,-111348,-2796
2025-11-11 12:20:56,NIFTY,11-Nov-2025,25550,5.334,5.334,10.6679,349043,237695,0,0,-111348,0
2025-11-11 12:21:57,NIFTY,11-Nov-2025,25550,5.3339,5.3339,10.6677,349043,237695,0,0,-111348,0
2025-11-11 12:22:58,NIFTY,11-Nov-2025,25550,5.3186,5.319,10.6376,342115,246076,-6928,8381,-96039,15309
2025-11-11 12:24:30,NIFTY,11-Nov-2025,25550,5.292298,5.304116,10.596414,-19.110274,-17.277789,0.00474,0.004044,0.5513,-0.456086,6.785,588191,1,342115,246076,0,0,-96039,0,0.0,0.0,0.0
2025-11-11 12:25:29,NIFTY,11-Nov-2025,25550,5.292298,5.304116,10.596414,-19.110274,-17.277789,0.00474,0.004044,0.5513,-0.456086,6.785,588191,1,342115,246076,0,0,-96039,0,0.0,0.0,0.0
2025-11-11 12:25:32,NIFTY,11-Nov-2025,25550,5.292298,5.304116,10.596414,-19.110274,-17.277789,0.00474,0.004044,0.5513,-0.456086,6.785,588191,1,342115,246076,0,0,-96039,0,0.0,0.0,0.0
2025-11-11 12:26:30,NIFTY,11-Nov-2025,25550,5.269559,5.287663,10.557222,-19.096329,-17.26615,0.004719,0.004031,0.56336,-0.44579,6.785,604570,1,331763,272807,-10352,26731,-58956,37083,-0.022739,-0.016453,-0.039192
2025-11-11 12:26:32,NIFTY,11-Nov-2025,25550,5.269559,5.287663,10.557222,-19.096329,-17.26615,0.004719,0.004031,0.56336,-0.44579,6.785,604570,1,331763,272807,-10352,26731,-58956,37083,-0.022739,-0.016453,-0.039192
2025-11-11 12:27:30,NIFTY,11-Nov-2025,25550,5.272606,5.285924,10.55853,-19.494307,-16.920787,0.004611,0.004102,0.561916,-0.444845,6.795,604570,1,331763,272807,0,0,-58956,0,0.003047,-0.001739,0.001308
2025-11-11 12:27:32,NIFTY,11-Nov-2025,25550,5.272606,5.285924,10.55853,-19.494307,-16.920787,0.004611,0.004102,0.561916,-0.444845,6.795,604570,1,331763,272807,0,0,-58956,0,0.003047,-0.001739,0.001308
2025-11-11 12:28:30,NIFTY,11-Nov-2025,25550,5.313307,5.317917,10.631224,-19.505071,-16.929931,0.004648,0.004129,0.536678,-0.46728,6.795,604570,1,331763,272807,0,0,-58956,0,0.040701,0.031993,0.072694
2025-11-11 12:28:32,NIFTY,11-Nov-2025,25550,5.313307,5.317917,10.631224,-19.505071,-16.929931,0.004648,0.004129,0.536678,-0.46728,6.795,604570,1,331763,272807,0,0,-58956,0,0.040701,0.031993,0.072694
2025-11-11 12:29:30,NIFTY,11-Nov-2025,25550,5.307059,5.314774,10.621833,-19.110336,-17.277627,0.004754,0.004053,0.541568,-0.464386,6.785,604570,1,331763,272807,0,0,-58956,0,-0.006248,-0.003143,-0.009391
2025-11-11 12:29:32,NIFTY,11-Nov-2025,25550,5.307059,5.314774,10.621833,-19.110336,-17.277627,0.004754,0.004053,0.541568,-0.464386,6.785,604570,1,331763,272807,0,0,-58956,0,-0.006248,-0.003143,-0.009391
2025-11-11 12:30:31,NIFTY,11-Nov-2025,25550,5.294288,5.302981,10.59727,-19.507892,-16.932667,0.00463,0.004116,0.550133,-0.455324,6.795,621507,1,333753,287754,1990,14947,-45999,12957,-0.012771,-0.011793,-0.024563
2025-11-11 12:30:32,NIFTY,11-Nov-2025,25550,5.307059,5.314774,10.621833,-19.110336,-17.277627,0.004754,0.004053,0.541568,-0.464386,6.785,604570,1,331763,272807,0,0,-58956,0,0.0,0.0,0.0
2025-11-11 12:31:30,NIFTY,11-Nov-2025,25550,5.302373,5.311393,10.613767,-19.111437,-17.278639,0.004749,0.00405,0.544894,-0.46155,6.785,621507,1,333753,287754,0,0,-45999,0,0.008085,0.008412,0.016497
2025-11-11 12:31:32,NIFTY,11-Nov-2025,25550,5.052778,5.129511,10.182289,-18.736271,-16.958094,0.004519,0.003906,0.630261,-0.38835,6.785,622840,1,319257,303583,-12506,30776,-15674,43282,-0.254281,-0.185263,-0.439544
2025-11-11 12:32:32,NIFTY,11-Nov-2025,25550,5.036378,5.098821,10.135199,-19.080172,-16.551567,0.004398,0.003952,0.633957,-0.380473,6.795,622840,1,319257,303583,0,0,-15674,0,-0.0164,-0.03069,-0.04709
2025-11-11 12:33:02,NIFTY,11-Nov-2025,25550,5.036378,5.098821,10.135199,-19.080172,-16.551567,0.004398,0.003952,0.633957,-0.380473,6.795,622840,1,319257,303583,-14496,15829,-15674,30325,-0.265995,-0.212572,-0.478568
2025-11-11 12:33:31,NIFTY,11-Nov-2025,25550,5.052778,5.129511,10.182289,-18.736271,-16.958094,0.004519,0.003906,0.630261,-0.38835,6.785,622840,1,319257,303583,0,0,-15674,0,0.0164,0.03069,0.04709
2025-11-11 12:34:02,NIFTY,11-Nov-2025,25550,5.052778,5.129511,10.182289,-18.736271,-16.958094,0.004519,0.003906,0.630261,-0.38835,6.785,622840,1,319257,303583,0,0,-15674,0,0.0164,0.03069,0.04709
2025-11-11 12:34:32,NIFTY,11-Nov-2025,25600,5.237905,5.216475,10.45438,-20.37487,-13.887144,0.004163,0.004555,0.421819,-0.585909,6.705,639291,1,473799,165492,0,0,-308307,0,0.0,0.0,0.0
2025-11-11 12:35:02,NIFTY,11-Nov-2025,25600,5.237905,5.216475,10.45438,-20.37487,-13.887144,0.004163,0.004555,0.421819,-0.585909,6.705,639291,1,473799,165492,0,0,-308307,0,0.0,0.0,0.0
2025-11-11 12:35:31,NIFTY,11-Nov-2025,25600,5.237905,5.216475,10.45438,-20.37487,-13.887144,0.004163,0.004555,0.421819,-0.585909,6.705,639291,1,473799,165492,0,0,-308307,0,0.0,0.0,0.0
2025-11-11 12:36:02,NIFTY,11-Nov-2025,25600,5.237905,5.216475,10.45438,-20.37487,-13.887144,0.004163,0.004555,0.421819,-0.585909,6.705,639291,1,473799,165492,0,0,-308307,0,0.0,0.0,0.0
2025-11-11 12:36:32,NIFTY,11-Nov-2025,25600,5.325685,5.32193,10.647615,-20.900604,-14.462638,0.004229,0.004643,0.46782,-0.535483,6.705,653572,1,463246,190326,-10553,24834,-272920,35387,0.08778,0.105455,0.193235
2025-11-11 12:37:02,NIFTY,11-Nov-2025,25600,5.325685,5.32193,10.647615,-20.900604,-14.462638,0.004229,0.004643,0.46782,-0.535483,6.705,653572,1,463246,190326,-10553,24834,-272920,35387,0.08778,0.105455,0.193235
2025-11-11 14:15:25,NIFTY,11-Nov-2025,25650,5.214862,5.255072,10.469934,-13.285293,-10.500956,0.007192,0.006121,0.59193,-0.422022,4.39,673697,1,339200,334497,0,0,-4703,0,0.0,0.0,0.0
2025-11-11 14:16:26,NIFTY,11-Nov-2025,25650,5.310938,5.322567,10.633505,-13.421991,-10.425135,0.007238,0.006242,0.552064,-0.45504,4.4,702228,1,338504,363724,-696,29227,25220,29923,0.096076,0.067495,0.163571
2025-11-11 14:17:26,NIFTY,11-Nov-2025,25650,5.312969,5.325229,10.638197,-13.287661,-10.502612,0.007331,0.006206,0.550865,-0.456867,4.39,702228,1,338504,363724,0,0,25220,0,0.002031,0.002662,0.004692
2025-11-11 14:18:26,NIFTY,11-Nov-2025,25650,5.312969,5.325229,10.638197,-13.287661,-10.502612,0.007331,0.006206,0.550865,-0.456867,4.39,702228,1,338504,363724,0,0,25220,0,0.0,0.0,0.0
2025-11-11 14:19:27,NIFTY,11-Nov-2025,25650,5.329509,5.337003,10.666512,-13.268655,-10.486426,0.007355,0.00622,0.539851,-0.466187,4.39,708659,1,325349,383310,-13155,19586,57961,32741,0.01654,0.011774,0.028315
2025-11-11 14:20:27,NIFTY,11-Nov-2025,25650,5.31031,5.322102,10.632413,-13.42243,-10.425516,0.007237,0.006241,0.552426,-0.454728,4.4,708659,1,325349,383310,0,0,57961,0,-0.019199,-0.014901,-0.034099
2025-11-11 14:21:27,NIFTY,11-Nov-2025,25700,5.194221,5.243406,10.437627,-13.013741,-10.564764,0.006717,0.005701,0.400311,-0.583933,4.685,651279,1,501101,150178,0,0,-350923,0,0.0,0.0,0.0
2025-11-11 14:21:52,NIFTY,11-Nov-2025,25700,5.194221,5.243406,10.437627,-13.013741,-10.564764,0.006717,0.005701,0.400311,-0.583933,4.685,651279,1,501101,150178,0,0,-350923,0,0.0,0.0,0.0
2025-11-11 14:21:56,NIFTY,11-Nov-2025,25700,5.194221,5.243406,10.437627,-13.013741,-10.564764,0.006717,0.005701,0.400311,-0.583933,4.685,651279,1,501101,150178,0,0,-350923,0,0.0,0.0,0.0
2025-11-11 14:22:26,NIFTY,11-Nov-2025,25700,5.146996,5.20313,10.350126,-12.928445,-10.218626,0.00661,0.005737,0.387379,-0.596903,4.665,651279,1,501101,150178,0,0,-350923,0,-0.047225,-0.040276,-0.087501
2025-11-11 14:23:26,NIFTY,11-Nov-2025,25700,5.146996,5.20313,10.350126,-12.928445,-10.218626,0.00661,0.005737,0.387379,-0.596903,4.665,651279,1,501101,150178,0,0,-350923,0,0.0,0.0,0.0
2025-11-11 14:24:27,NIFTY,11-Nov-2025,25700,4.967232,5.198425,10.165657,-10.417192,-11.525757,0.00779,0.005204,0.347921,-0.598201,4.53,652132,1,477997,174135,-23104,23957,-303862,47061,-0.179764,-0.004705,-0.184469
2025-11-11 14:25:26,NIFTY,11-Nov-2025,25700,5.071259,5.228618,10.299877,-10.955265,-11.26164,0.007733,0.00538,0.369189,-0.588851,4.505,652132,1,477997,174135,0,0,-303862,0,0.104027,0.030193,0.13422
2025-11-11 14:27:15,NIFTY,11-Nov-2025,25700,5.134133,5.258137,10.39227,-11.139594,-11.389721,0.007828,0.005409,0.383974,-0.578601,4.505,652132,1,477997,174135,0,0,-303862,0,0.062874,0.029519,0.092393
2025-11-11 14:28:15,NIFTY,11-Nov-2025,25700,5.134133,5.258137,10.39227,-11.139594,-11.389721,0.007828,0.005409,0.383974,-0.578601,4.505,652132,1,477997,174135,0,0,-303862,0,0.0,0.0,0.0
2025-11-11 14:29:15,NIFTY,11-Nov-2025,25700,5.249179,5.317228,10.566407,-11.246578,-12.071904,0.008227,0.00532,0.417774,-0.552372,4.53,690778,1,491843,198935,13846,24800,-292908,10954,0.115046,0.059091,0.174137
2025-11-11 14:30:15,NIFTY,11-Nov-2025,25700,5.335998,5.353195,10.689193,-11.595005,-12.296888,0.00836,0.005354,0.458863,-0.525946,4.53,730508,1,495338,235170,3495,36235,-260168,32740,0.086819,0.035967,0.122786
2025-11-11 14:31:15,NIFTY,11-Nov-2025,25700,5.340829,5.354029,10.694858,-11.887532,-11.90205,0.008137,0.005504,0.462453,-0.525049,4.505,730508,1,495338,235170,0,0,-260168,0,0.004831,0.000834,0.005665
2025-11-11 14:32:15,NIFTY,11-Nov-2025,25700,5.364407,5.365037,10.729444,-11.804519,-12.431498,0.008402,0.005364,0.492405,-0.504506,4.53,755463,1,493362,262101,-1976,26931,-231261,28907,0.023578,0.011008,0.034586
2025-11-11 14:33:15,NIFTY,11-Nov-2025,25700,5.364407,5.365037,10.729444,-11.804519,-12.431498,0.008402,0.005364,0.492405,-0.504506,4.53,755463,1,493362,262101,0,0,-231261,0,0.0,0.0,0.0
2025-11-11 14:34:15,NIFTY,11-Nov-2025,25700,5.357352,5.363355,10.720706,-8.994453,-10.977894,0.011801,0.005931,0.478436,-0.510439,3.755,755463,1,493362,262101,0,0,-231261,0,-0.007055,-0.001682,-0.008738
2025-11-11 14:35:15,NIFTY,11-Nov-2025,25700,5.357352,5.363355,10.720706,-8.994453,-10.977894,0.011801,0.005931,0.478436,-0.510439,3.755,755463,1,493362,262101,0,0,-231261,0,0.0,0.0,0.0
2025-11-11 14:36:15,NIFTY,11-Nov-2025,25700,5.359326,5.364126,10.723451,-9.193386,-11.078476,0.011802,0.00593,0.51978,-0.489677,3.755,776004,1,479325,296679,-14037,34578,-182646,48615,0.001974,0.000771,0.002745
2025-11-11 14:37:15,NIFTY,11-Nov-2025,25700,5.364938,5.365447,10.730385,-9.245488,-10.970403,0.01163,0.005968,0.50669,-0.496185,3.76,776004,1,479325,296679,0,0,-182646,0,0.005612,0.001321,0.006934
2025-11-11 14:38:15,NIFTY,11-Nov-2025,25700,5.359326,5.364126,10.723451,-9.193386,-11.078476,0.011802,0.00593,0.51978,-0.489677,3.755,776004,1,479325,296679,0,0,-182646,0,-0.005612,-0.001321,-0.006934
2025-11-11 14:39:15,NIFTY,11-Nov-2025,25700,5.320177,5.353243,10.67342,-8.912723,-10.798361,0.011538,0.005957,0.448668,-0.52601,3.76,776004,1,479325,296679,0,0,-182646,0,-0.039149,-0.010883,-0.050031
2025-11-11 14:40:15,NIFTY,11-Nov-2025,25650,0.0,4.95543,4.95543,0.0,-10.025141,0.0,0.005828,0.0,-0.345923,2.355,793714,1,220151,573563,-105198,190253,353412,295451,0.0,0.0,0.0
2025-11-11 14:41:15,NIFTY,11-Nov-2025,25650,0.0,4.973626,4.973626,0.0,-10.001738,0.0,0.005874,0.0,-0.349407,2.345,793714,1,220151,573563,0,0,353412,0,0.0,0.018196,0.018196
2025-11-11 14:42:15,NIFTY,11-Nov-2025,25650,0.0,4.95543,4.95543,0.0,-10.025141,0.0,0.005828,0.0,-0.345923,2.355,793714,1,220151,573563,0,0,353412,0,0.0,-0.018196,-0.018196
2025-11-11 14:43:15,NIFTY,11-Nov-2025,25650,0.0,5.308485,5.308485,0.0,-10.379739,0.0,0.006251,0.0,-0.446404,2.355,816729,1,235881,580848,15730,7285,344967,-8445,0.0,0.353055,0.353055
2025-11-11 14:44:15,NIFTY,11-Nov-2025,25650,0.0,5.308485,5.308485,0.0,-10.379739,0.0,0.006251,0.0,-0.446404,2.355,816729,1,235881,580848,0,0,344967,0,0.0,0.0,0.0
2025-11-11 14:45:15,NIFTY,11-Nov-2025,25650,4.519941,4.799608,9.319549,-10.193788,-7.43418,0.008346,0.007128,0.720358,-0.319187,3.365,816729,1,235881,580848,0,0,344967,0,4.519941,-0.508877,4.011064
2025-11-11 14:46:15,NIFTY,11-Nov-2025,25650,4.722551,4.518503,9.241054,-11.923968,-5.788774,0.007147,0.007946,0.692633,-0.279432,3.405,816729,1,235881,580848,0,0,344967,0,0.20261,-0.281105,-0.078495
2025-11-11 14:47:15,NIFTY,11-Nov-2025,25650,4.89871,4.747646,9.646356,-12.111481,-5.998752,0.007416,0.008351,0.664223,-0.311226,3.405,805005,1,255930,549075,20049,-31773,293145,-51822,0.176159,0.229143,0.405302
2025-11-11 14:48:15,NIFTY,11-Nov-2025,25650,4.637496,4.879928,9.517424,-10.295859,-7.520846,0.008565,0.007249,0.704714,-0.332486,3.365,851311,1,297720,553591,41790,4516,255871,-37274,-0.261214,0.132282,-0.128932
2025-11-11 14:49:15,NIFTY,11-Nov-2025,25650,4.637496,4.879928,9.517424,-10.295859,-7.520846,0.008565,0.007249,0.704714,-0.332486,3.365,851311,1,297720,553591,0,0,255871,0,0.0,0.0,0.0
2025-11-11 14:50:15,NIFTY,11-Nov-2025,25650,4.783895,4.59796,9.381855,-11.991829,-5.86445,0.007241,0.008086,0.683281,-0.289853,3.405,870959,1,289356,581603,-8364,28012,292247,36376,0.146399,-0.281968,-0.135569
2025-11-11 14:51:15,NIFTY,11-Nov-2025,25650,4.516674,4.797365,9.314038,-10.190867,-7.431688,0.00834,0.007125,0.720775,-0.31883,3.365,851311,1,297720,553591,8364,-28012,255871,-36376,-0.267221,0.199405,-0.067817
2025-11-11 14:52:15,NIFTY,11-Nov-2025,25650,4.783895,4.59796,9.381855,-11.991829,-5.86445,0.007241,0.008086,0.683281,-0.289853,3.405,870959,1,289356,581603,-8364,28012,292247,36376,0.267221,-0.199405,0.067817
2025-11-11 14:53:15,NIFTY,11-Nov-2025,25650,4.751178,4.555537,9.306715,-11.955934,-5.824378,0.007191,0.008011,0.688332,-0.284219,3.405,870959,1,289356,581603,0,0,292247,0,-0.032717,-0.042423,-0.07514
2025-11-11 14:54:15,NIFTY,11-Nov-2025,25700,4.66927,5.246319,9.915589,-6.183494,-10.603235,0.012668,0.005693,0.299378,-0.582915,3.57,863996,1,634488,229508,155163,-67171,-404980,-222334,0.0,0.0,0.0
2025-11-11 14:55:15,NIFTY,11-Nov-2025,25700,4.786253,5.267248,10.053501,-6.385062,-10.693178,0.012984,0.005715,0.316695,-0.575214,3.57,863996,1,634488,229508,0,0,-404980,0,0.116983,0.020929,0.137912
2025-11-11 14:56:15,NIFTY,11-Nov-2025,25700,4.319582,5.181076,9.500657,-5.618134,-10.340104,0.011722,0.005624,0.255435,-0.60329,3.57,863996,1,634488,229508,0,0,-404980,0,-0.466671,-0.086172,-0.552844
2025-11-11 14:57:15,NIFTY,11-Nov-2025,25700,4.319582,5.181076,9.500657,-5.618134,-10.340104,0.011722,0.005624,0.255435,-0.60329,3.57,863996,1,634488,229508,0,0,-404980,0,0.0,0.0,0.0
2025-11-11 14:58:15,NIFTY,11-Nov-2025,25650,0.0,4.495289,4.495289,0.0,-6.732666,0.0,0.006953,0.0,-0.276414,1.79,819282,1,216962,602320,-72394,20717,385358,93111,0.0,0.0,0.0
2025-11-11 14:59:15,NIFTY,11-Nov-2025,25650,0.0,4.495289,4.495289,0.0,-6.732666,0.0,0.006953,0.0,-0.276414,1.79,819282,1,216962,602320,0,0,385358,0,0.0,0.0,0.0
2025-11-11 15:00:15,NIFTY,11-Nov-2025,25650,0.0,4.495289,4.495289,0.0,-6.732666,0.0,0.006953,0.0,-0.276414,1.79,819282,1,216962,602320,0,0,385358,0,0.0,0.0,0.0
2025-11-11 15:01:15,NIFTY,11-Nov-2025,25700,4.208913,5.159517,9.36843,-5.44755,-10.257144,0.011423,0.005601,0.243283,-0.609183,3.57,956204,1,665283,290921,30795,61413,-374362,30618,0.0,0.0,0.0
2025-11-11 15:02:15,NIFTY,11-Nov-2025,25700,4.303982,5.178065,9.482047,-5.593888,-10.328421,0.01168,0.005621,0.25368,-0.604134,3.57,956204,1,665283,290921,0,0,-374362,0,0.095069,0.018548,0.113617
2025-11-11 15:03:15,NIFTY,11-Nov-2025,25700,4.303982,5.178065,9.482047,-5.593888,-10.328421,0.01168,0.005621,0.25368,-0.604134,3.57,956204,1,665283,290921,0,0,-374362,0,0.0,0.0,0.0
2025-11-11 15:04:15,NIFTY,11-Nov-2025,25700,5.290649,5.348629,10.639278,-6.053926,-6.057983,0.019375,0.009214,0.433717,-0.531032,2.36,1016821,1,709059,307762,43776,16841,-401297,-26935,0.986667,0.170564,1.157231
2025-11-11 15:05:15,NIFTY,11-Nov-2025,25700,5.315921,5.353743,10.669663,-6.184898,-5.983869,0.019212,0.009339,0.446083,-0.525831,2.35,1016821,1,709059,307762,0,0,-401297,0,0.025272,0.005114,0.030385
2025-11-11 15:06:15,NIFTY,11-Nov-2025,25700,5.262971,5.341819,10.60479,-6.772248,-6.269183,0.01901,0.009313,0.578208,-0.461812,2.35,1128673,1,723909,404764,14850,97002,-319145,82152,-0.05295,-0.011924,-0.064873
2025-11-11 15:07:15,NIFTY,11-Nov-2025,25700,5.260251,5.342417,10.602668,-6.722423,-6.374724,0.019252,0.009198,0.579226,-0.462279,2.36,1128673,1,723909,404764,0,0,-319145,0,-0.00272,0.000598,-0.002122
2025-11-11 15:08:15,NIFTY,11-Nov-2025,25700,5.262971,5.341819,10.60479,-6.772248,-6.269183,0.01901,0.009313,0.578208,-0.461812,2.35,1128673,1,723909,404764,0,0,-319145,0,0.00272,-0.000598,0.002122
2025-11-11 15:09:15,NIFTY,11-Nov-2025,25700,5.068325,5.297782,10.366107,-5.574438,-5.825972,0.018565,0.009129,0.368123,-0.56269,2.36,1128673,1,723909,404764,0,0,-319145,0,-0.194646,-0.044037,-0.238683
2025-11-11 15:10:15,NIFTY,11-Nov-2025,25700,5.068325,5.297782,10.366107,-5.574438,-5.825972,0.018565,0.009129,0.368123,-0.56269,2.36,1128673,1,723909,404764,0,0,-319145,0,0.0,0.0,0.0
2025-11-11 15:11:15,NIFTY,11-Nov-2025,25700,5.295202,5.349366,10.644568,-6.73346,-6.25014,0.019128,0.009326,0.564858,-0.468336,2.35,1214693,1,768472,446221,44563,41457,-322251,-3106,0.226877,0.051584,0.278461
2025-11-11 15:12:15,NIFTY,11-Nov-2025,25700,5.295202,5.349366,10.644568,-6.73346,-6.25014,0.019128,0.009326,0.564858,-0.468336,2.35,1214693,1,768472,446221,0,0,-322251,0,0.0,0.0,0.0
2025-11-11 15:13:15,NIFTY,11-Nov-2025,25700,4.236634,5.091222,9.327857,-4.367268,-5.191859,0.015528,0.008778,0.246176,-0.626392,2.36,1051678,1,718217,333461,-50255,-112760,-384756,-62505,-1.058568,-0.258144,-1.316711
2025-11-11 15:14:15,NIFTY,11-Nov-2025,25700,2.919133,5.128565,8.047698,-1.546111,-2.909261,0.026047,0.012444,0.135003,-0.617682,1.45,1051678,1,718217,333461,0,0,-384756,0,-1.317501,0.037343,-1.280159
2025-11-11 15:15:15,NIFTY,11-Nov-2025,25700,3.690097,5.24793,8.938027,-1.989346,-3.499091,0.03519,0.012145,0.193527,-0.582901,1.485,1051678,1,718217,333461,0,0,-384756,0,0.770964,0.119365,0.890329
2025-11-11 15:16:15,NIFTY,11-Nov-2025,25700,1.590948,4.903138,6.494087,-0.775765,-2.432329,0.0142,0.011901,0.059504,-0.663989,1.45,937453,1,643378,294075,-74839,-39386,-349303,35453,-2.099149,-0.344792,-2.44394
2025-11-11 15:17:15,NIFTY,11-Nov-2025,25700,1.590948,4.903138,6.494087,-0.775765,-2.432329,0.0142,0.011901,0.059504,-0.663989,1.45,937453,1,643378,294075,0,0,-349303,0,0.0,0.0,0.0
2025-11-11 15:18:15,NIFTY,11-Nov-2025,25700,5.365472,5.365565,10.731037,-3.920038,-4.031921,0.051141,0.012411,0.497621,-0.500342,1.485,924017,1,622101,301916,-21277,7841,-320185,29118,3.774524,0.462427,4.23695
2025-11-11 15:19:15,NIFTY,11-Nov-2025,25700,5.365472,5.365565,10.731037,-3.920038,-4.031921,0.051141,0.012411,0.497621,-0.500342,1.485,924017,1,622101,301916,0,0,-320185,0,0.0,0.0,0.0
2025-11-11 15:20:15,NIFTY,11-Nov-2025,25700,5.365472,5.365565,10.731037,-3.920038,-4.031921,0.051141,0.012411,0.497621,-0.500342,1.485,924017,1,622101,301916,0,0,-320185,0,0.0,0.0,0.0
2025-11-11 15:21:15,NIFTY,11-Nov-2025,25700,5.365146,5.365541,10.730687,-3.907793,-4.028944,0.051138,0.012411,0.495064,-0.500963,1.485,924017,1,622101,301916,0,0,-320185,0,-0.000326,-2.4e-05,-0.00035
2025-11-11 15:22:15,NIFTY,11-Nov-2025,25700,5.351749,5.364495,10.716243,-3.898899,-3.701514,0.047721,0.013008,0.471493,-0.507538,1.45,924017,1,622101,301916,0,0,-320185,0,-0.013397,-0.001046,-0.014444
2025-11-11 15:23:15,NIFTY,11-Nov-2025,25700,4.919297,5.338524,10.257821,-4.570273,-4.193892,0.046876,0.012345,0.661679,-0.459459,1.485,902525,1,609735,292790,-12366,-9126,-316945,3240,-0.432452,-0.025971,-0.458422
2025-11-11 15:24:15,NIFTY,11-Nov-2025,25700,0.0,5.225293,5.225293,0.0,-2.942265,0.0,0.01544,0.0,-0.408593,0.935,850407,1,578118,272289,-31617,-20501,-305829,11116,-4.919297,-0.113231,-5.032528
2025-11-11 15:25:15,NIFTY,11-Nov-2025,25700,0.0,5.225293,5.225293,0.0,-2.942265,0.0,0.01544,0.0,-0.408593,0.935,850407,1,578118,272289,0,0,-305829,0,0.0,0.0,0.0
2025-11-11 15:26:15,NIFTY,11-Nov-2025,25700,0.0,5.225293,5.225293,0.0,-2.942265,0.0,0.01544,0.0,-0.408593,0.935,850407,1,578118,272289,0,0,-305829,0,0.0,0.0,0.0
2025-11-11 15:27:15,NIFTY,11-Nov-2025,25700,0.0,5.091873,5.091873,0.0,-2.987883,0.0,0.015043,0.0,-0.37275,0.935,850407,1,578118,272289,0,0,-305829,0,0.0,-0.13342,-0.13342
2025-11-11 15:28:15,NIFTY,11-Nov-2025,25700,0.0,4.632143,4.632143,0.0,-2.934747,0.0,0.013679,0.0,-0.293507,0.935,784653,1,529904,254749,-48214,-17540,-275155,30674,0.0,-0.45973,-0.45973
2025-11-11 15:29:15,NIFTY,11-Nov-2025,25700,0.0,4.637126,4.637126,0.0,-2.936153,0.0,0.013694,0.0,-0.294191,0.935,784653,1,529904,254749,0,0,-275155,0,0.0,0.004983,0.004983
2025-11-11 15:30:16,NIFTY,11-Nov-2025,25700,0.0,4.868716,4.868716,0.0,-2.985745,0.0,0.014381,0.0,-0.329307,0.935,709076,1,494990,214086,-34914,-40663,-280904,-5749,0.0,0.23159,0.23159
2025-11-11 15:31:15,NIFTY,11-Nov-2025,25700,0.0,4.868716,4.868716,0.0,-2.985745,0.0,0.014381,0.0,-0.329307,0.935,709076,1,494990,214086,0,0,-280904,0,0.0,0.0,0.0
2025-11-11 15:32:15,NIFTY,11-Nov-2025,25700,0.0,4.868716,4.868716,0.0,-2.985745,0.0,0.014381,0.0,-0.329307,0.935,709076,1,494990,214086,0,0,-280904,0,0.0,0.0,0.0
2025-11-11 15:33:15,NIFTY,11-Nov-2025,25700,0.0,4.926426,4.926426,0.0,-2.967323,0.0,0.01463,0.0,-0.339353,0.93,586649,1,413382,173267,-81608,-40819,-240115,40789,0.0,0.05771,0.05771
2025-11-11 15:34:15,NIFTY,11-Nov-2025,25700,0.0,4.926426,4.926426,0.0,-2.967323,0.0,0.01463,0.0,-0.339353,0.93,586649,1,413382,173267,0,0,-240115,0,0.0,0.0,0.0
2025-11-11 15:35:15,NIFTY,11-Nov-2025,25700,0.0,4.926426,4.926426,0.0,-2.967323,0.0,0.01463,0.0,-0.339353,0.93,586649,1,413382,173267,0,0,-240115,0,0.0,0.0,0.0
2025-11-11 15:36:15,NIFTY,11-Nov-2025,25700,0.0,4.926426,4.926426,0.0,-2.967323,0.0,0.01463,0.0,-0.339353,0.93,586649,1,413382,173267,0,0,-240115,0,0.0,0.0,0.0
2025-11-11 15:37:15,NIFTY,11-Nov-2025,25700,0.0,4.926426,4.926426,0.0,-2.967323,0.0,0.01463,0.0,-0.339353,0.93,586649,1,413382,173267,0,0,-240115,0,0.0,0.0,0.0
2025-11-11 15:38:15,NIFTY,11-Nov-2025,25700,0.0,4.926426,4.926426,0.0,-2.967323,0.0,0.01463,0.0,-0.339353,0.93,586649,1,413382,173267,0,0,-240115,0,0.0,0.0,0.0
2025-11-11 15:39:15,NIFTY,11-Nov-2025,25700,0.0,4.926426,4.926426,0.0,-2.967323,0.0,0.01463,0.0,-0.339353,0.93,586649,1,413382,173267,0,0,-240115,0,0.0,0.0,0.0
2025-11-11 15:40:15,NIFTY,11-Nov-2025,25700,0.0,4.926426,4.926426,0.0,-2.967323,0.0,0.01463,0.0,-0.339353,0.93,586649,1,413382,173267,0,0,-240115,0,0.0,0.0,0.0
2025-11-11 15:41:15,NIFTY,11-Nov-2025,25700,0.0,4.926426,4.926426,0.0,-2.967323,0.0,0.01463,0.0,-0.339353,0.93,586649,1,413382,173267,0,0,-240115,0,0.0,0.0,0.0
2025-11-11 15:42:15,NIFTY,11-Nov-2025,25700,0.0,4.926426,4.926426,0.0,-2.967323,0.0,0.01463,0.0,-0.339353,0.93,586649,1,413382,173267,0,0,-240115,0,0.0,0.0,0.0
2025-11-11 15:43:15,NIFTY,11-Nov-2025,25700,0.0,4.926426,4.926426,0.0,-2.967323,0.0,0.01463,0.0,-0.339353,0.93,586649,1,413382,173267,0,0,-240115,0,0.0,0.0,0.0
2025-11-11 15:44:15,NIFTY,11-Nov-2025,25700,0.0,4.926426,4.926426,0.0,-2.967323,0.0,0.01463,0.0,-0.339353,0.93,586649,1,413382,173267,0,0,-240115,0,0.0,0.0,0.0
2025-11-11 15:45:15,NIFTY,11-Nov-2025,25700,0.0,4.926426,4.926426,0.0,-2.967323,0.0,0.01463,0.0,-0.339353,0.93,586649,1,413382,173267,0,0,-240115,0,0.0,0.0,0.0
2025-11-11 15:46:15,NIFTY,11-Nov-2025,25700,0.0,4.926426,4.926426,0.0,-2.967323,0.0,0.01463,0.0,-0.339353,0.93,586649,1,413382,173267,0,0,-240115,0,0.0,0.0,0.0
2025-11-11 15:47:15,NIFTY,11-Nov-2025,25700,0.0,4.926426,4.926426,0.0,-2.967323,0.0,0.01463,0.0,-0.339353,0.93,586649,1,413382,173267,0,0,-240115,0,0.0,0.0,0.0
2025-11-11 15:49:02,NIFTY,11-Nov-2025,25700,0.0,4.926426,4.926426,0.0,-2.967323,0.0,0.01463,0.0,-0.339353,0.93,586649,1,413382,173267,0,0,-240115,0,0.0,0.0,0.0
2025-11-11 15:50:02,NIFTY,11-Nov-2025,25700,0.0,4.926426,4.926426,0.0,-2.967323,0.0,0.01463,0.0,-0.339353,0.93,586649,1,413382,173267,0,0,-240115,0,0.0,0.0,0.0
2025-11-11 15:51:02,NIFTY,11-Nov-2025,25700,0.0,4.926426,4.926426,0.0,-2.967323,0.0,0.01463,0.0,-0.339353,0.93,586649,1,413382,173267,0,0,-240115,0,0.0,0.0,0.0
2025-11-11 15:51:35,NIFTY,11-Nov-2025,25700,0.0,4.912,4.912,413382,173267,0,0,-240115,0
2025-11-11 15:52:02,NIFTY,11-Nov-2025,25700,0.0,4.926426,4.926426,0.0,-2.967323,0.0,0.01463,0.0,-0.339353,0.93,586649,1,413382,173267,0,0,-240115,0,0.0,0.0,0.0
2025-11-11 15:52:36,NIFTY,11-Nov-2025,25700,0.0,4.912,4.912,413382,173267,0,0,-240115,0
2025-11-11 15:53:36,NIFTY,11-Nov-2025,25700,0.0,4.926426,4.926426,0.0,-2.967323,0.0,0.01463,0.0,-0.339353,0.93,586649,1,413382,173267,0,0,-240115,0,0.0,0.0,0.0
2025-11-11 15:53:36,NIFTY,11-Nov-2025,25700,0.0,4.912,4.912,413382,173267,0,0,-240115,0
2025-11-11 15:54:54,NIFTY,11-Nov-2025,25700,0.0,4.926426,4.926426,0.0,-2.967323,0.0,0.01463,0.0,-0.339353,0.93,586649,1,413382,173267,0,0,-240115,0,0.0,0.0,0.0
2025-11-11 15:55:54,NIFTY,11-Nov-2025,25700,0.0,4.926426,4.926426,0.0,-2.967323,0.0,0.01463,0.0,-0.339353,0.93,586649,1,413382,173267,0,0,-240115,0,0.0,0.0,0.0
2025-11-11 15:56:54,NIFTY,11-Nov-2025,25700,0.0,4.926426,4.926426,0.0,-2.967323,0.0,0.01463,0.0,-0.339353,0.93,586649,1,413382,173267,0,0,-240115,0,0.0,0.0,0.0
2025-11-11 15:57:00,NIFTY,11-Nov-2025,25700,0.0,4.926426,4.926426,0.0,-2.967323,0.0,0.01463,0.0,-0.339353,0.93,586649,1,413382,173267,0,0,-240115,0,0.0,0.0,0.0
2025-11-11 15:58:20,NIFTY,11-Nov-2025,25700,0.0,4.926426,4.926426,0.0,-2.967323,0.0,0.01463,0.0,-0.339353,0.93,586649,1,413382,173267,0,0,-240115,0,0.0,0.0,0.0
2025-11-11 15:59:20,NIFTY,11-Nov-2025,25700,0.0,4.926426,4.926426,0.0,-2.967323,0.0,0.01463,0.0,-0.339353,0.93,586649,1,413382,173267,0,0,-240115,0,0.0,0.0,0.0
2025-11-11 16:00:20,NIFTY,11-Nov-2025,25700,0.0,4.926426,4.926426,0.0,-2.967323,0.0,0.01463,0.0,-0.339353,0.93,586649,1,413382,173267,0,0,-240115,0,0.0,0.0,0.0
2025-11-11 16:01:41,NIFTY,11-Nov-2025,25700,0.0,4.926426,4.926426,0.0,-2.967323,0.0,0.01463,0.0,-0.339353,0.93,586649,1,413382,173267,0,0,-240115,0,0.0,0.0,0.0
2025-11-11 16:02:41,NIFTY,11-Nov-2025,25700,0.0,4.926426,4.926426,0.0,-2.967323,0.0,0.01463,0.0,-0.339353,0.93,586649,1,413382,173267,0,0,-240115,0,0.0,0.0,0.0
2025-11-11 16:03:41,NIFTY,11-Nov-2025,25700,0.0,4.926426,4.926426,0.0,-2.967323,0.0,0.01463,0.0,-0.339353,0.93,586649,1,413382,173267,0,0,-240115,0,0.0,0.0,0.0
2025-11-11 16:04:41,NIFTY,11-Nov-2025,25700,0.0,4.926426,4.926426,0.0,-2.967323,0.0,0.01463,0.0,-0.339353,0.93,586649,1,413382,173267,0,0,-240115,0,0.0,0.0,0.0
2025-11-11 16:05:41,NIFTY,11-Nov-2025,25700,0.0,4.926426,4.926426,0.0,-2.967323,0.0,0.01463,0.0,-0.339353,0.93,586649,1,413382,173267,0,0,-240115,0,0.0,0.0,0.0
2025-11-11 16:06:41,NIFTY,11-Nov-2025,25700,0.0,4.926426,4.926426,0.0,-2.967323,0.0,0.01463,0.0,-0.339353,0.93,586649,1,413382,173267,0,0,-240115,0,0.0,0.0,0.0
2025-11-11 16:07:41,NIFTY,11-Nov-2025,25700,0.0,4.926426,4.926426,0.0,-2.967323,0.0,0.01463,0.0,-0.339353,0.93,586649,1,413382,173267,0,0,-240115,0,0.0,0.0,0.0
2025-11-11 16:08:42,NIFTY,11-Nov-2025,25700,0.0,4.926426,4.926426,0.0,-2.967323,0.0,0.01463,0.0,-0.339353,0.93,586649,1,413382,173267,0,0,-240115,0,0.0,0.0,0.0
2025-11-11 16:09:43,NIFTY,11-Nov-2025,25700,0.0,4.926426,4.926426,0.0,-2.967323,0.0,0.01463,0.0,-0.339353,0.93,586649,1,413382,173267,0,0,-240115,0,0.0,0.0,0.0
2025-11-11 16:10:44,NIFTY,11-Nov-2025,25700,0.0,4.926426,4.926426,0.0,-2.967323,0.0,0.01463,0.0,-0.339353,0.93,586649,1,413382,173267,0,0,-240115,0,0.0,0.0,0.0
2025-11-11 16:11:45,NIFTY,11-Nov-2025,25700,0.0,4.926426,4.926426,0.0,-2.967323,0.0,0.01463,0.0,-0.339353,0.93,586649,1,413382,173267,0,0,-240115,0,0.0,0.0,0.0
2025-11-11 16:12:46,NIFTY,11-Nov-2025,25700,0.0,4.926426,4.926426,0.0,-2.967323,0.0,0.01463,0.0,-0.339353,0.93,586649,1,413382,173267,0,0,-240115,0,0.0,0.0,0.0
2025-11-11 16:43:55,NIFTY,11-Nov-2025,25700,0.0,4.926426,4.926426,0.0,-2.967323,0.0,0.01463,0.0,-0.339353,0.93,586649,1,413382,173267,0,0,-240115,0,0.0,0.0,0.0
2025-11-11 16:54:35,NIFTY,11-Nov-2025,25700,0.0,4.926426,4.926426,0.0,-2.967323,0.0,0.01463,0.0,-0.339353,0.93,586649,1,413382,173267,0,0,-240115,0,0.0,0.0,0.0
2025-11-11 16:55:36,NIFTY,11-Nov-2025,25700,0.0,4.926426,4.926426,0.0,-2.967323,0.0,0.01463,0.0,-0.339353,0.93,586649,1,413382,173267,0,0,-240115,0,0.0,0.0,0.0
2025-11-11 16:56:41,NIFTY,11-Nov-2025,25700,0.0,4.926426,4.926426,0.0,-2.967323,0.0,0.01463,0.0,-0.339353,0.93,586649,1,413382,173267,0,0,-240115,0,0.0,0.0,0.0
2025-11-11 16:57:43,NIFTY,11-Nov-2025,25700,0.0,4.926426,4.926426,0.0,-2.967323,0.0,0.01463,0.0,-0.339353,0.93,586649,1,413382,173267,0,0,-240115,0,0.0,0.0,0.0
2025-11-11 16:58:42,NIFTY,11-Nov-2025,25700,0.0,4.926426,4.926426,0.0,-2.967323,0.0,0.01463,0.0,-0.339353,0.93,586649,1,413382,173267,0,0,-240115,0,0.0,0.0,0.0
2025-11-11 17:07:11,NIFTY,11-Nov-2025,25700,0.0,4.926426,4.926426,0.0,-2.967323,0.0,0.01463,0.0,-0.339353,0.93,586649,1,413382,173267,0,0,-240115,0,0.0,0.0,0.0
2025-11-11 17:08:12,NIFTY,11-Nov-2025,25700,0.0,4.926426,4.926426,0.0,-2.967323,0.0,0.01463,0.0,-0.339353,0.93,586649,1,413382,173267,0,0,-240115,0,0.0,0.0,0.0
2025-11-11 17:09:13,NIFTY,11-Nov-2025,25700,0.0,4.926426,4.926426,0.0,-2.967323,0.0,0.01463,0.0,-0.339353,0.93,586649,1,413382,173267,0,0,-240115,0,0.0,0.0,0.0
2025-11-11 17:10:13,NIFTY,11-Nov-2025,25700,0.0,4.926426,4.926426,0.0,-2.967323,0.0,0.01463,0.0,-0.339353,0.93,586649,1,413382,173267,0,0,-240115,0,0.0,0.0,0.0
2025-11-11 17:11:13,NIFTY,11-Nov-2025,25700,0.0,4.926426,4.926426,0.0,-2.967323,0.0,0.01463,0.0,-0.339353,0.93,586649,1,413382,173267,0,0,-240115,0,0.0,0.0,0.0
2025-11-11 17:12:13,NIFTY,11-Nov-2025,25700,0.0,4.926426,4.926426,0.0,-2.967323,0.0,0.01463,0.0,-0.339353,0.93,586649,1,413382,173267,0,0,-240115,0,0.0,0.0,0.0
2025-11-11 17:13:13,NIFTY,11-Nov-2025,25700,0.0,4.926426,4.926426,0.0,-2.967323,0.0,0.01463,0.0,-0.339353,0.93,586649,1,413382,173267,0,0,-240115,0,0.0,0.0,0.0
2025-11-11 17:14:13,NIFTY,11-Nov-2025,25700,0.0,4.926426,4.926426,0.0,-2.967323,0.0,0.01463,0.0,-0.339353,0.93,586649,1,413382,173267,0,0,-240115,0,0.0,0.0,0.0
2025-11-11 17:15:14,NIFTY,11-Nov-2025,25700,0.0,4.926426,4.926426,0.0,-2.967323,0.0,0.01463,0.0,-0.339353,0.93,586649,1,413382,173267,0,0,-240115,0,0.0,0.0,0.0
2025-11-11 17:16:15,NIFTY,11-Nov-2025,25700,0.0,4.926426,4.926426,0.0,-2.967323,0.0,0.01463,0.0,-0.339353,0.93,586649,1,413382,173267,0,0,-240115,0,0.0,0.0,0.0
2025-11-11 17:17:16,NIFTY,11-Nov-2025,25700,0.0,4.926426,4.926426,0.0,-2.967323,0.0,0.01463,0.0,-0.339353,0.93,586649,1,413382,173267,0,0,-240115,0,0.0,0.0,0.0
2025-11-11 17:18:17,NIFTY,11-Nov-2025,25700,0.0,4.926426,4.926426,0.0,-2.967323,0.0,0.01463,0.0,-0.339353,0.93,586649,1,413382,173267,0,0,-240115,0,0.0,0.0,0.0
2025-11-11 17:19:18,NIFTY,11-Nov-2025,25700,0.0,4.926426,4.926426,0.0,-2.967323,0.0,0.01463,0.0,-0.339353,0.93,586649,1,413382,173267,0,0,-240115,0,0.0,0.0,0.0
2025-11-11 18:25:55,NIFTY,11-Nov-2025,25700,0.0,4.926426,4.926426,0.0,-2.967323,0.0,0.01463,0.0,-0.339353,0.93,586649,1,413382,173267,0,0,-240115,0,0.0,0.0,0.0
2025-11-11 19:28:37,NIFTY,11-Nov-2025,25700,0.0,5.365181,5.365181,0.0,-2.697965,0.0,0.015611,0.0,-0.504449,0.95,578994,1,408380,170614,0,0,-237766,0,0.0,0.0,0.0
2025-11-11 19:29:15,NIFTY,11-Nov-2025,25700,0.0,5.365181,5.365181,0.0,-2.697965,0.0,0.015611,0.0,-0.504449,0.95,578994,1,408380,170614,0,0,-237766,0,0.0,0.0,0.0
2025-11-11 19:29:29,NIFTY,11-Nov-2025,25700,0.0,5.365181,5.365181,0.0,-2.697965,0.0,0.015611,0.0,-0.504449,0.95,578994,1,408380,170614,0,0,-237766,0,0.0,0.0,0.0
2025-11-11 19:29:39,NIFTY,11-Nov-2025,25700,0.0,5.365181,5.365181,0.0,-2.697965,0.0,0.015611,0.0,-0.504449,0.95,578994,1,408380,170614,0,0,-237766,0,0.0,0.0,0.0
2025-11-11 19:30:39,NIFTY,11-Nov-2025,25700,0.0,5.365181,5.365181,0.0,-2.697965,0.0,0.015611,0.0,-0.504449,0.95,578994,1,408380,170614,0,0,-237766,0,0.0,0.0,0.0
2025-11-12 00:19:28,NIFTY,18-Nov-2025,25700,11.976887,11.969805,23.946692,-16.831315,-9.678658,0.001104,0.001326,0.523471,-0.472822,10.99,89877,1,46929,42948,0,0,-3981,0,0.0,0.0,0.0
2025-11-12 00:20:30,NIFTY,18-Nov-2025,25700,11.976887,11.969805,23.946692,-16.831315,-9.678658,0.001104,0.001326,0.523471,-0.472822,10.99,89877,1,46929,42948,0,0,-3981,0,0.0,0.0,0.0
2025-11-12 00:21:29,NIFTY,18-Nov-2025,25700,11.976887,11.969805,23.946692,-16.831315,-9.678658,0.001104,0.001326,0.523471,-0.472822,10.99,89877,1,46929,42948,0,0,-3981,0,0.0,0.0,0.0
2025-11-12 09:13:59,NIFTY,18-Nov-2025,25700,11.976887,11.969805,23.946692,-16.831315,-9.678658,0.001104,0.001326,0.523471,-0.472822,10.99,89877,1,46929,42948,0,0,-3981,0,0.0,0.0,0.0
2025-11-12 09:15:04,NIFTY,18-Nov-2025,25700,11.976887,11.969805,23.946692,-16.831315,-9.678658,0.001104,0.001326,0.523471,-0.472822,10.99,89877,1,46929,42948,0,0,-3981,0,0.0,0.0,0.0
2025-11-12 09:16:04,NIFTY,18-Nov-2025,25700,11.976887,11.969805,23.946692,-16.831315,-9.678658,0.001104,0.001326,0.523471,-0.472822,10.99,89877,1,46929,42948,0,0,-3981,0,0.0,0.0,0.0
2025-11-12 09:17:03,NIFTY,18-Nov-2025,25700,0.0,11.969805,11.969805,0.0,-9.678658,0.0,0.001326,0.0,-0.472822,4.99,42948,1,0,42948,-46929,0,42948,46929,-11.976887,0.0,-11.976887
2025-11-12 09:18:03,NIFTY,18-Nov-2025,25800,0.0,0.0,0.0,0.0,0.0,0.0,0.0,0.0,-1.0,0.0,64514,1,45068,19446,0,0,-25622,0,0.0,0.0,0.0
2025-11-12 09:19:03,NIFTY,18-Nov-2025,25800,0.0,0.0,0.0,0.0,0.0,0.0,0.0,0.0,-1.0,0.0,94673,1,50548,44125,5480,24679,-6423,19199,0.0,0.0,0.0
2025-11-12 09:20:04,NIFTY,18-Nov-2025,25800,0.0,0.0,0.0,0.0,0.0,0.0,0.0,0.0,-1.0,0.0,94673,1,50548,44125,0,0,-6423,0,0.0,0.0,0.0
2025-11-12 09:21:03,NIFTY,18-Nov-2025,25800,11.985658,11.962375,23.948033,-16.891394,-9.896253,0.001098,0.001299,0.541878,-0.451344,11.025,94673,1,50548,44125,0,0,-6423,0,11.985658,11.962375,23.948033
2025-11-12 09:22:03,NIFTY,18-Nov-2025,25800,12.003912,11.982047,23.985959,-17.274127,-9.526296,0.001071,0.001342,0.534651,-0.457841,11.04,94673,1,50548,44125,0,0,-6423,0,0.018254,0.019672,0.037926
2025-11-12 09:23:03,NIFTY,18-Nov-2025,25800,11.998132,11.978771,23.976903,-16.955128,-9.804002,0.001094,0.00131,0.537051,-0.456602,11.02,94673,1,50548,44125,0,0,-6423,0,-0.00578,-0.003276,-0.009056
2025-11-12 09:24:04,NIFTY,18-Nov-2025,25800,11.945956,11.88606,23.832016,-17.499997,-9.623797,0.001049,0.001321,0.554423,-0.432645,11.155,142170,1,64559,77611,14011,33486,13052,19475,-0.052176,-0.092711,-0.144887
2025-11-12 09:25:03,NIFTY,18-Nov-2025,25800,11.945956,11.88606,23.832016,-17.499997,-9.623797,0.001049,0.001321,0.554423,-0.432645,11.155,142170,1,64559,77611,0,0,13052,0,0.0,0.0,0.0
2025-11-12 09:26:03,NIFTY,18-Nov-2025,25850,12.058709,12.058258,24.116967,-17.098261,-9.340163,0.001082,0.001359,0.507924,-0.491358,10.95,75158,1,42231,32927,0,0,-9304,0,0.0,0.0,0.0
2025-11-12 09:27:04,NIFTY,18-Nov-2025,25800,11.944068,11.900576,23.844644,-17.26119,-10.111141,0.001066,0.00127,0.554839,-0.435571,11.26,161209,1,70539,90670,5980,13059,20131,7079,0.0,0.0,0.0
2025-11-12 09:28:05,NIFTY,18-Nov-2025,25850,0.0,0.0,0.0,0.0,0.0,0.0,0.0,0.0,-1.0,0.0,75158,1,42231,32927,0,0,-9304,0,0.0,0.0,0.0
2025-11-12 09:29:06,NIFTY,18-Nov-2025,25850,0.0,0.0,0.0,0.0,0.0,0.0,0.0,0.0,-1.0,0.0,79547,1,42534,37013,303,4086,-5521,3783,0.0,0.0,0.0
2025-11-12 09:30:07,NIFTY,18-Nov-2025,25800,11.979457,11.932474,23.911931,-18.020478,-9.583013,0.001017,0.001331,0.5445,-0.443277,11.36,175851,1,71717,104134,1178,13464,32417,12286,0.0,0.0,0.0
2025-11-12 09:31:08,NIFTY,18-Nov-2025,25800,11.980049,11.933526,23.913576,-18.020272,-9.582776,0.001017,0.001331,0.544297,-0.443543,11.36,175851,1,71717,104134,0,0,32417,0,0.000592,0.001052,0.001645
2025-11-12 09:32:09,NIFTY,18-Nov-2025,25800,12.026139,12.017355,24.043494,-17.635688,-9.450148,0.001046,0.001351,0.52168,-0.473503,11.19,194508,1,77975,116533,6258,12399,38558,6141,0.04609,0.083829,0.129918
2025-11-12 09:33:10,NIFTY,18-Nov-2025,25800,12.025047,12.015397,24.040444,-17.638549,-9.453714,0.001045,0.001351,0.522569,-0.472355,11.19,194508,1,77975,116533,0,0,38558,0,-0.001092,-0.001958,-0.00305
2025-11-12 09:34:11,NIFTY,18-Nov-2025,25800,12.026139,12.017355,24.043494,-17.635688,-9.450148,0.001046,0.001351,0.52168,-0.473503,11.19,194508,1,77975,116533,0,0,38558,0,0.001092,0.001958,0.00305
2025-11-12 09:35:12,NIFTY,18-Nov-2025,25800,12.021627,12.011124,24.032751,-17.514005,-9.712872,0.001054,0.001322,0.525035,-0.469932,11.24,208957,1,82839,126118,4864,9585,43279,4721,-0.004512,-0.006231,-0.010743
2025-11-12 09:36:13,NIFTY,18-Nov-2025,25800,12.010973,11.99217,24.003143,-17.770925,-9.758221,0.001036,0.001316,0.531422,-0.461484,11.35,208957,1,82839,126118,0,0,43279,0,-0.010654,-0.018954,-0.029608
2025-11-12 09:37:14,NIFTY,18-Nov-2025,25800,12.010973,11.99217,24.003143,-17.770925,-9.758221,0.001036,0.001316,0.531422,-0.461484,11.35,208957,1,82839,126118,0,0,43279,0,0.0,0.0,0.0
2025-11-12 09:38:15,NIFTY,18-Nov-2025,25800,12.010973,11.99217,24.003143,-17.770925,-9.758221,0.001036,0.001316,0.531422,-0.461484,11.35,208957,1,82839,126118,0,0,43279,0,0.0,0.0,0.0
2025-11-12 09:39:16,NIFTY,18-Nov-2025,25800,12.029951,12.025664,24.055615,-17.262434,-9.743465,0.001072,0.001317,0.517942,-0.479139,11.17,217459,1,93063,124396,10224,-1722,31333,-11946,0.018978,0.033494,0.052472
2025-11-12 09:40:17,NIFTY,18-Nov-2025,25800,12.035001,12.033943,24.068945,-17.626221,-9.41708,0.001045,0.001351,0.509793,-0.488869,11.215,230421,1,95151,135270,2088,10874,40119,8786,0.00505,0.008279,0.01333
2025-11-12 09:41:18,NIFTY,18-Nov-2025,25800,12.034857,12.033621,24.068478,-17.640276,-9.407687,0.001044,0.001353,0.51026,-0.488254,11.215,230421,1,95151,135270,0,0,40119,0,-0.000144,-0.000322,-0.000467
2025-11-12 09:42:19,NIFTY,18-Nov-2025,25800,12.034857,12.033621,24.068478,-17.640276,-9.407687,0.001044,0.001353,0.51026,-0.488254,11.215,230421,1,95151,135270,0,0,40119,0,0.0,0.0,0.0
2025-11-12 09:43:20,NIFTY,18-Nov-2025,25800,12.032204,12.03001,24.062214,-16.903147,-9.896895,0.001098,0.0013,0.515053,-0.48313,11.095,231755,1,98649,133106,3498,-2164,34457,-5662,-0.002653,-0.003611,-0.006264
2025-11-12 09:44:21,NIFTY,18-Nov-2025,25850,12.044145,12.033088,24.077233,-16.959332,-9.240241,0.001095,0.001375,0.525335,-0.469451,10.79,103309,1,56999,46310,14465,9297,-10689,-5168,0.0,0.0,0.0
2025-11-12 09:45:22,NIFTY,18-Nov-2025,25850,12.044145,12.033088,24.077233,-16.959332,-9.240241,0.001095,0.001375,0.525335,-0.469451,10.79,103309,1,56999,46310,0,0,-10689,0,0.0,0.0,0.0
2025-11-12 09:46:23,NIFTY,18-Nov-2025,25850,12.044145,12.033088,24.077233,-16.959332,-9.240241,0.001095,0.001375,0.525335,-0.469451,10.79,103309,1,56999,46310,0,0,-10689,0,0.0,0.0,0.0
2025-11-12 09:47:24,NIFTY,18-Nov-2025,25850,12.035218,12.034684,24.069903,-15.505453,-10.609806,0.001218,0.001229,0.530028,-0.469739,10.75,101914,1,61253,40661,4254,-5649,-20592,-9903,-0.008927,0.001596,-0.00733
2025-11-12 09:48:24,NIFTY,18-Nov-2025,25850,12.035218,12.034684,24.069903,-15.505453,-10.609806,0.001218,0.001229,0.530028,-0.469739,10.75,101914,1,61253,40661,0,0,-20592,0,0.0,0.0,0.0
2025-11-12 09:57:19,NIFTY,18-Nov-2025,25850,12.01829,12.020536,24.038827,-15.019338,-10.55376,0.001265,0.001234,0.537558,-0.463237,10.51,120856,1,66976,53880,0,0,-13096,0,0.0,0.0,0.0
2025-11-12 09:58:21,NIFTY,18-Nov-2025,25850,0.0,0.0,0.0,0.0,0.0,0.0,0.0,0.0,-1.0,0.0,121482,1,68173,53309,1197,-571,-14864,-1768,-12.01829,-12.020536,-24.038827
2025-11-12 09:59:21,NIFTY,18-Nov-2025,25850,0.0,0.0,0.0,0.0,0.0,0.0,0.0,0.0,-1.0,0.0,121482,1,68173,53309,0,0,-14864,0,0.0,0.0,0.0
2025-11-12 10:00:20,NIFTY,18-Nov-2025,25850,0.0,0.0,0.0,0.0,0.0,0.0,0.0,0.0,-1.0,0.0,121482,1,68173,53309,0,0,-14864,0,0.0,0.0,0.0
2025-11-12 10:01:21,NIFTY,18-Nov-2025,25850,12.000642,12.000393,24.001035,-15.259922,-10.459996,0.001239,0.001242,0.544107,-0.455819,10.56,121482,1,68173,53309,0,0,-14864,0,12.000642,12.000393,24.001035
2025-11-12 10:02:12,NIFTY,18-Nov-2025,25850,11.997368,11.999919,23.997287,-15.165667,-10.628253,0.001248,0.001225,0.545154,-0.455596,10.59,122139,1,67745,54394,0,0,-13351,0,0.0,0.0,0.0
2025-11-12 10:03:10,NIFTY,18-Nov-2025,25850,0.0,0.0,0.0,0.0,0.0,0.0,0.0,0.0,-1.0,0.0,122139,1,67745,54394,0,0,-13351,0,0.0,0.0,0.0
2025-11-12 10:03:14,NIFTY,18-Nov-2025,25850,0.0,0.0,0.0,0.0,0.0,0.0,0.0,0.0,-1.0,0.0,122139,1,67745,54394,0,0,-13351,0,-11.997368,-11.999919,-23.997287
2025-11-12 10:04:12,NIFTY,18-Nov-2025,25850,12.008066,12.014617,24.022683,-14.847168,-10.835094,0.001282,0.001207,0.541371,-0.460768,10.55,125094,1,68502,56592,757,2198,-11910,1441,12.008066,12.014617,24.022683
2025-11-12 10:04:14,NIFTY,18-Nov-2025,25850,12.008066,12.014617,24.022683,-14.847168,-10.835094,0.001282,0.001207,0.541371,-0.460768,10.55,125094,1,68502,56592,757,2198,-11910,1441,12.008066,12.014617,24.022683
2025-11-12 10:05:12,NIFTY,18-Nov-2025,25850,12.007848,12.013448,24.021297,-14.919366,-10.787908,0.001274,0.001211,0.541477,-0.460339,10.56,125094,1,68502,56592,0,0,-11910,0,-0.000218,-0.001169,-0.001386
2025-11-12 10:05:13,NIFTY,18-Nov-2025,25850,12.007848,12.013448,24.021297,-14.919366,-10.787908,0.001274,0.001211,0.541477,-0.460339,10.56,125094,1,68502,56592,0,0,-11910,0,-0.000218,-0.001169,-0.001386
2025-11-12 10:06:11,NIFTY,18-Nov-2025,25850,12.008066,12.014617,24.022683,-14.847168,-10.835094,0.001282,0.001207,0.541371,-0.460768,10.55,125094,1,68502,56592,0,0,-11910,0,0.000218,0.001169,0.001386
2025-11-12 10:06:14,NIFTY,18-Nov-2025,25850,12.008066,12.014617,24.022683,-14.847168,-10.835094,0.001282,0.001207,0.541371,-0.460768,10.55,125094,1,68502,56592,0,0,-11910,0,0.000218,0.001169,0.001386
2025-11-12 10:07:12,NIFTY,18-Nov-2025,25850,12.025812,12.029545,24.055358,-14.903702,-10.772882,0.001277,0.001213,0.534335,-0.467128,10.56,125094,1,68502,56592,0,0,-11910,0,0.017746,0.014928,0.032675
2025-11-12 10:07:14,NIFTY,18-Nov-2025,25850,12.025812,12.029545,24.055358,-14.903702,-10.772882,0.001277,0.001213,0.534335,-0.467128,10.56,125094,1,68502,56592,0,0,-11910,0,0.017746,0.014928,0.032675
2025-11-12 10:07:56,NIFTY,18-Nov-2025,25850,12.025812,12.029545,24.055358,-14.903702,-10.772882,0.001277,0.001213,0.534335,-0.467128,10.56,125094,1,68502,56592,0,0,-11910,0,0.0,0.0,0.0
2025-11-12 10:08:58,NIFTY,18-Nov-2025,25850,12.039254,12.041563,24.080817,-14.885164,-10.755134,0.001279,0.001215,0.527563,-0.473564,10.56,125158,1,64473,60685,-4029,4093,-3788,8122,0.013442,0.012018,0.025459
2025-11-12 10:09:58,NIFTY,18-Nov-2025,25850,12.041043,12.043528,24.084571,-14.80969,-10.799474,0.001286,0.001211,0.526475,-0.474793,10.55,125158,1,64473,60685,0,0,-3788,0,0.001789,0.001965,0.003754
2025-11-12 10:10:58,NIFTY,18-Nov-2025,25850,12.016668,12.021355,24.038024,-14.912594,-10.781408,0.001275,0.001212,0.538163,-0.46349,10.56,125812,1,65475,60337,1002,-348,-5138,-1350,-0.024375,-0.022173,-0.046547
2025-11-12 10:11:58,NIFTY,18-Nov-2025,25850,12.016668,12.021355,24.038024,-14.912594,-10.781408,0.001275,0.001212,0.538163,-0.46349,10.56,125812,1,65475,60337,0,0,-5138,0,0.0,0.0,0.0
2025-11-12 10:12:57,NIFTY,18-Nov-2025,25850,0.0,0.0,0.0,0.0,0.0,0.0,0.0,0.0,-1.0,0.0,125812,1,65475,60337,0,0,-5138,0,-12.016668,-12.021355,-24.038024
2025-11-12 10:13:58,NIFTY,18-Nov-2025,25850,12.04305,12.043309,24.086358,-15.167036,-10.47475,0.00125,0.001242,0.525359,-0.474775,10.565,129446,1,65794,63652,319,3315,-2142,2996,12.04305,12.043309,24.086358
2025-11-12 10:14:58,NIFTY,18-Nov-2025,25850,12.04521,12.045242,24.090452,-15.198548,-10.434458,0.001247,0.001246,0.52393,-0.476088,10.565,129446,1,65794,63652,0,0,-2142,0,0.00216,0.001933,0.004094
2025-11-12 10:15:58,NIFTY,18-Nov-2025,25850,12.053926,12.05394,24.107866,-15.171686,-10.407619,0.001248,0.001247,0.516382,-0.483628,10.565,129446,1,65794,63652,0,0,-2142,0,0.008716,0.008698,0.017414
2025-11-12 10:16:57,NIFTY,18-Nov-2025,25850,12.053926,12.05394,24.107866,-15.171686,-10.407619,0.001248,0.001247,0.516382,-0.483628,10.565,132798,1,65869,66929,75,3277,1060,3202,0.0,0.0,0.0
2025-11-12 10:17:57,NIFTY,18-Nov-2025,25850,12.052479,12.052496,24.104975,-15.177612,-10.41354,0.001248,0.001247,0.517943,-0.48207,10.565,132798,1,65869,66929,0,0,1060,0,-0.001447,-0.001444,-0.002891
2025-11-12 10:18:57,NIFTY,18-Nov-2025,25850,12.052479,12.052496,24.104975,-15.177612,-10.41354,0.001248,0.001247,0.517943,-0.48207,10.565,132798,1,65869,66929,0,0,1060,0,0.0,0.0,0.0
2025-11-12 10:19:58,NIFTY,18-Nov-2025,25850,12.02822,12.028693,24.056913,-15.189627,-10.497214,0.001248,0.00124,0.533352,-0.466835,10.565,134248,1,65285,68963,-584,2034,3678,2618,-0.024259,-0.023803,-0.048062
2025-11-12 10:20:57,NIFTY,18-Nov-2025,25850,12.02822,12.028693,24.056913,-15.189627,-10.497214,0.001248,0.00124,0.533352,-0.466835,10.565,134248,1,65285,68963,0,0,3678,0,0.0,0.0,0.0
2025-11-12 10:21:58,NIFTY,18-Nov-2025,25850,12.028424,12.028492,24.056916,-15.225475,-10.461364,0.001244,0.001243,0.533272,-0.466755,10.565,134248,1,65285,68963,0,0,3678,0,0.000204,-0.000201,3e-06
2025-11-12 10:22:57,NIFTY,18-Nov-2025,25850,12.048015,12.048041,24.096056,-15.191677,-10.427593,0.001247,0.001246,0.521873,-0.478144,10.565,134144,1,66168,67976,883,-987,1808,-1870,0.019591,0.019549,0.03914
2025-11-12 10:23:57,NIFTY,18-Nov-2025,25850,12.054048,12.05414,24.108188,-15.134978,-10.44288,0.001252,0.001244,0.516227,-0.483847,10.565,134144,1,66168,67976,0,0,1808,0,0.006033,0.006099,0.012132
2025-11-12 10:24:58,NIFTY,18-Nov-2025,25850,12.055946,12.055597,24.111544,-15.281825,-10.0497,0.001237,0.001283,0.513802,-0.485869,10.47,134144,1,66168,67976,0,0,1808,0,0.001898,0.001457,0.003356
2025-11-12 10:25:57,NIFTY,18-Nov-2025,25850,12.053585,12.053063,24.106648,-15.305763,-10.109999,0.001235,0.001277,0.516821,-0.482775,10.495,137020,1,66705,70315,537,2339,3610,1802,-0.002361,-0.002534,-0.004896
2025-11-12 10:26:57,NIFTY,18-Nov-2025,25850,12.054574,12.054096,24.10867,-15.289226,-10.057348,0.001237,0.001282,0.515657,-0.483945,10.47,137020,1,66705,70315,0,0,3610,0,0.000989,0.001033,0.002022
2025-11-12 10:27:58,NIFTY,18-Nov-2025,25850,12.054574,12.054096,24.10867,-15.289226,-10.057348,0.001237,0.001282,0.515657,-0.483945,10.47,137020,1,66705,70315,0,0,3610,0,0.0,0.0,0.0
2025-11-12 10:28:58,NIFTY,18-Nov-2025,25850,12.050169,12.049369,24.099538,-15.318052,-10.122659,0.001235,0.001276,0.520155,-0.479328,10.495,136760,1,65552,71208,-1153,893,5656,2046,-0.004405,-0.004727,-0.009132
2025-11-12 10:29:57,NIFTY,18-Nov-2025,25850,12.050169,12.049369,24.099538,-15.318052,-10.122659,0.001235,0.001276,0.520155,-0.479328,10.495,136760,1,65552,71208,0,0,5656,0,0.0,0.0,0.0
2025-11-12 10:30:58,NIFTY,18-Nov-2025,25850,12.054474,12.053986,24.10846,-15.28971,-10.057847,0.001237,0.001282,0.515781,-0.483817,10.47,136760,1,65552,71208,0,0,5656,0,0.004305,0.004617,0.008922
2025-11-12 10:31:58,NIFTY,18-Nov-2025,25850,12.054474,12.053986,24.10846,-15.28971,-10.057847,0.001237,0.001282,0.515781,-0.483817,10.47,136760,1,65552,71208,0,0,5656,0,0.0,0.0,0.0
2025-11-12 10:32:58,NIFTY,18-Nov-2025,25850,12.05036,12.049503,24.099863,-15.305409,-10.074065,0.001236,0.001281,0.519984,-0.479458,10.47,135347,1,66349,68998,797,-2210,2649,-3007,-0.004114,-0.004483,-0.008597
2025-11-12 10:33:57,NIFTY,18-Nov-2025,25850,12.055329,12.054617,24.109946,-15.38181,-9.837898,0.001228,0.001305,0.514718,-0.484657,10.42,135347,1,66349,68998,0,0,2649,0,0.004969,0.005114,0.010083
2025-11-12 10:34:57,NIFTY,18-Nov-2025,25850,12.054958,12.054186,24.109144,-15.383758,-9.839957,0.001227,0.001305,0.515209,-0.484135,10.42,135347,1,66349,68998,0,0,2649,0,-0.000371,-0.000431,-0.000802
2025-11-12 10:35:58,NIFTY,18-Nov-2025,25850,12.055329,12.054617,24.109946,-15.38181,-9.837898,0.001228,0.001305,0.514718,-0.484657,10.42,135347,1,66349,68998,0,0,2649,0,0.000371,0.000431,0.000802
2025-11-12 10:36:58,NIFTY,18-Nov-2025,25850,12.033956,12.030058,24.064014,-15.435026,-9.894077,0.001224,0.001301,0.530657,-0.467712,10.42,135188,1,67630,67558,1281,-1440,-72,-2721,-0.021373,-0.024559,-0.045932
2025-11-12 10:37:58,NIFTY,18-Nov-2025,25850,12.033956,12.030058,24.064014,-15.435026,-9.894077,0.001224,0.001301,0.530657,-0.467712,10.42,135188,1,67630,67558,0,0,-72,0,0.0,0.0,0.0
2025-11-12 10:38:57,NIFTY,18-Nov-2025,25850,12.02018,12.014331,24.034511,-15.450348,-9.910205,0.001222,0.001299,0.536956,-0.461016,10.42,136073,1,68445,67628,815,70,-817,-745,-0.013776,-0.015727,-0.029503
2025-11-12 10:39:57,NIFTY,18-Nov-2025,25850,11.983448,11.972513,23.955961,-15.471285,-9.932137,0.001218,0.001294,0.549584,-0.447598,10.42,136073,1,68445,67628,0,0,-817,0,-0.036732,-0.041818,-0.07855
2025-11-12 10:40:58,NIFTY,18-Nov-2025,25850,11.983448,11.972513,23.955961,-15.471285,-9.932137,0.001218,0.001294,0.549584,-0.447598,10.42,136073,1,68445,67628,0,0,-817,0,0.0,0.0,0.0
2025-11-12 10:41:58,NIFTY,18-Nov-2025,25850,11.986918,11.976458,23.963376,-15.47006,-9.930862,0.001218,0.001294,0.548548,-0.448698,10.42,136073,1,68445,67628,0,0,-817,0,0.00347,0.003945,0.007415
2025-11-12 10:42:59,NIFTY,18-Nov-2025,25850,11.951291,0.0,11.951291,-15.490022,0.0,0.001212,0.0,0.558226,-1.0,5.375,136084,1,69903,66181,1458,-1447,-3722,-2905,-0.035627,-11.976458,-12.012085
2025-11-12 10:44:02,NIFTY,18-Nov-2025,25850,11.951291,0.0,11.951291,-15.490022,0.0,0.001212,0.0,0.558226,-1.0,5.375,136084,1,69903,66181,0,0,-3722,0,0.0,0.0,0.0
2025-11-12 10:45:01,NIFTY,18-Nov-2025,25850,11.94303,11.925482,23.868512,-15.490709,-9.904097,0.001212,0.001291,0.560226,-0.436065,10.41,135317,1,67040,68277,-2863,2096,1237,4959,-0.008261,11.925482,11.917221
2025-11-12 10:46:02,NIFTY,18-Nov-2025,25850,11.944047,11.926646,23.870693,-15.490643,-9.904034,0.001212,0.001292,0.559984,-0.436324,10.41,135317,1,67040,68277,0,0,1237,0,0.001017,0.001164,0.002181
2025-11-12 10:47:03,NIFTY,18-Nov-2025,25850,11.946702,11.928104,23.874807,-15.550181,-9.892018,0.001206,0.001293,0.559369,-0.436653,10.43,135317,1,67040,68277,0,0,1237,0,0.002655,0.001458,0.004114
2025-11-12 10:48:04,NIFTY,18-Nov-2025,25850,11.955671,11.93995,23.895621,-15.489507,-9.902899,0.001213,0.001293,0.557135,-0.439361,10.41,132500,1,61653,70847,-5387,2570,9194,7957,0.008969,0.011846,0.020814
2025-11-12 10:49:05,NIFTY,18-Nov-2025,25850,11.955671,11.93995,23.895621,-15.489507,-9.902899,0.001213,0.001293,0.557135,-0.439361,10.41,132500,1,61653,70847,0,0,9194,0,0.0,0.0,0.0
2025-11-12 10:50:06,NIFTY,18-Nov-2025,25850,11.952617,11.934953,23.88757,-15.54964,-9.891482,0.001207,0.001294,0.557921,-0.438206,10.43,132500,1,61653,70847,0,0,9194,0,-0.003054,-0.004997,-0.008051
2025-11-12 10:51:07,NIFTY,18-Nov-2025,25850,11.948444,11.930121,23.878564,-15.550041,-9.891881,0.001207,0.001293,0.558947,-0.437106,10.43,133694,1,58267,75427,-3386,4580,17160,7966,-0.004173,-0.004832,-0.009006
2025-11-12 10:52:08,NIFTY,18-Nov-2025,25850,11.940982,11.923139,23.86412,-15.490826,-9.904209,0.001211,0.001291,0.56071,-0.435549,10.41,133694,1,58267,75427,0,0,17160,0,-0.007462,-0.006982,-0.014444
2025-11-12 10:53:09,NIFTY,18-Nov-2025,25850,11.940117,11.920481,23.860598,-15.550569,-9.892389,0.001206,0.001292,0.560937,-0.434973,10.43,135776,1,58018,77758,-249,2331,19740,2580,-0.000865,-0.002658,-0.003522
2025-11-12 10:54:10,NIFTY,18-Nov-2025,25850,11.951747,11.929394,23.881141,-15.609491,-9.74878,0.001201,0.001309,0.55816,-0.436998,10.395,135776,1,58018,77758,0,0,19740,0,0.01163,0.008913,0.020543
2025-11-12 10:55:11,NIFTY,18-Nov-2025,25850,11.950746,11.92765,23.878396,-15.621536,-9.736987,0.0012,0.00131,0.558411,-0.436612,10.395,135776,1,58018,77758,0,0,19740,0,-0.001001,-0.001744,-0.002745
2025-11-12 10:56:12,NIFTY,18-Nov-2025,25850,11.941302,11.916879,23.858181,-15.610222,-9.749484,0.0012,0.001307,0.560681,-0.434251,10.395,135779,1,56932,78847,-1086,1089,21915,2175,-0.009444,-0.010771,-0.020215
2025-11-12 10:57:13,NIFTY,18-Nov-2025,25850,11.941302,11.916879,23.858181,-15.610222,-9.749484,0.0012,0.001307,0.560681,-0.434251,10.395,135779,1,56932,78847,0,0,21915,0,0.0,0.0,0.0
2025-11-12 10:58:14,NIFTY,18-Nov-2025,25850,11.944335,11.920513,23.864847,-15.610067,-9.749342,0.0012,0.001308,0.559961,-0.435035,10.395,135779,1,56932,78847,0,0,21915,0,0.003033,0.003634,0.006666
2025-11-12 10:58:58,NIFTY,18-Nov-2025,25850,11.946312,11.922317,23.868629,-15.621888,-9.73733,0.0012,0.001309,0.559491,-0.435433,10.395,135779,1,56932,78847,0,0,21915,0,0.001977,0.001804,0.003782
2025-11-12 10:59:58,NIFTY,18-Nov-2025,25850,11.944335,11.920513,23.864847,-15.610067,-9.749342,0.0012,0.001308,0.559961,-0.435035,10.395,135779,1,56932,78847,0,0,21915,0,-0.001977,-0.001804,-0.003782
2025-11-12 11:00:58,NIFTY,18-Nov-2025,25850,11.9532,11.931135,23.884335,-15.609343,-9.748632,0.001202,0.001309,0.557799,-0.43739,10.395,137235,1,57308,79927,376,1080,22619,704,0.008865,0.010622,0.019488
2025-11-12 11:01:58,NIFTY,18-Nov-2025,25850,11.950258,11.927063,23.877321,-15.62158,-9.737031,0.0012,0.00131,0.558531,-0.436481,10.395,137235,1,57308,79927,0,0,22619,0,-0.002942,-0.004072,-0.007014
2025-11-12 11:02:58,NIFTY,18-Nov-2025,25850,11.982024,11.965314,23.947339,-15.615538,-9.730751,0.001204,0.001315,0.550057,-0.445733,10.395,137222,1,56097,81125,-1211,1198,25028,2409,0.031766,0.038251,0.070018
2025-11-12 11:03:58,NIFTY,18-Nov-2025,25850,11.985136,11.969444,23.95458,-15.60254,-9.741534,0.001205,0.001314,0.549134,-0.446834,10.395,137222,1,56097,81125,0,0,25028,0,0.003112,0.00413,0.007241
2025-11-12 11:04:57,NIFTY,18-Nov-2025,25850,11.965212,11.957313,23.922524,-15.093135,-9.864256,0.001253,0.001299,0.55452,-0.443609,10.23,137222,1,56097,81125,0,0,25028,0,-0.019924,-0.012131,-0.032056
2025-11-12 11:05:57,NIFTY,18-Nov-2025,25850,11.950949,11.941414,23.892363,-15.107627,-9.85496,0.00125,0.001299,0.558163,-0.439724,10.23,139422,1,54097,85325,-2000,4200,31228,6200,-0.014263,-0.015899,-0.030161
2025-11-12 11:06:58,NIFTY,18-Nov-2025,25850,11.950724,11.941666,23.89239,-15.095706,-9.866869,0.001251,0.001297,0.558213,-0.439779,10.23,139422,1,54097,85325,0,0,31228,0,-0.000225,0.000252,2.7e-05
2025-11-12 11:07:59,NIFTY,18-Nov-2025,25850,11.950724,11.941666,23.89239,-15.095706,-9.866869,0.001251,0.001297,0.558213,-0.439779,10.23,139422,1,54097,85325,0,0,31228,0,0.0,0.0,0.0
2025-11-12 11:09:00,NIFTY,18-Nov-2025,25850,11.933017,11.921975,23.854992,-15.109237,-9.856568,0.001248,0.001296,0.562408,-0.435313,10.23,142356,1,56551,85805,2454,480,29254,-1974,-0.017707,-0.019691,-0.037398
2025-11-12 11:10:01,NIFTY,18-Nov-2025,25850,11.926645,11.915071,23.841716,-15.109454,-9.856773,0.001247,0.001295,0.563842,-0.433823,10.23,142356,1,56551,85805,0,0,29254,0,-0.006372,-0.006904,-0.013276
2025-11-12 11:11:02,NIFTY,18-Nov-2025,25850,11.926645,11.915071,23.841716,-15.109454,-9.856773,0.001247,0.001295,0.563842,-0.433823,10.23,142356,1,56551,85805,0,0,29254,0,0.0,0.0,0.0
2025-11-12 11:11:59,NIFTY,18-Nov-2025,25900,12.081774,12.081786,24.16356,-14.747945,-9.552085,0.001286,0.001331,0.501346,-0.49877,10.07,180878,1,93409,87469,0,0,-5940,0,0.0,0.0,0.0
2025-11-12 11:12:58,NIFTY,18-Nov-2025,25900,12.081774,12.081786,24.16356,-14.747945,-9.552085,0.001286,0.001331,0.501346,-0.49877,10.07,180878,1,93409,87469,0,0,-5940,0,0.0,0.0,0.0
2025-11-12 11:13:59,NIFTY,18-Nov-2025,25900,12.081608,12.081513,24.16312,-14.783475,-9.588741,0.001286,0.00133,0.508805,-0.491054,10.07,183084,1,95545,87539,2136,70,-8006,-2066,-0.000166,-0.000273,-0.00044
2025-11-12 11:15:00,NIFTY,18-Nov-2025,25900,12.08222,12.082222,24.164442,-14.812035,-9.676977,0.001281,0.001318,0.504562,-0.495443,10.135,181761,1,97147,84614,1602,-2925,-12533,-4527,0.000612,0.000709,0.001322
2025-11-12 11:16:01,NIFTY,18-Nov-2025,25900,12.08222,12.082222,24.164442,-14.812035,-9.689038,0.001281,0.001317,0.504562,-0.495443,10.14,181761,1,97147,84614,0,0,-12533,0,0.0,0.0,0.0
2025-11-12 11:17:02,NIFTY,18-Nov-2025,25900,12.082138,12.082116,24.164254,-14.820227,-9.685389,0.001281,0.001318,0.506292,-0.493663,10.135,181761,1,97147,84614,0,0,-12533,0,-8.2e-05,-0.000106,-0.000188
2025-11-12 11:17:58,NIFTY,18-Nov-2025,25900,12.080224,12.080027,24.160251,-14.845845,-9.711688,0.00128,0.001318,0.512055,-0.487732,10.135,183371,1,97747,85624,600,1010,-12123,410,-0.001914,-0.002089,-0.004003
2025-11-12 11:18:57,NIFTY,18-Nov-2025,25900,12.080224,12.080027,24.160251,-14.845845,-9.711688,0.00128,0.001318,0.512055,-0.487732,10.135,183371,1,97747,85624,0,0,-12123,0,0.0,0.0,0.0
2025-11-12 11:19:57,NIFTY,18-Nov-2025,25900,12.080224,12.080027,24.160251,-14.845845,-9.711688,0.00128,0.001318,0.512055,-0.487732,10.135,183371,1,97747,85624,0,0,-12123,0,0.0,0.0,0.0
2025-11-12 11:20:58,NIFTY,18-Nov-2025,25900,12.081889,12.081836,24.163725,-14.827022,-9.692365,0.001281,0.001318,0.507765,-0.492147,10.135,182741,1,96176,86565,-1571,941,-9611,2512,0.001665,0.001809,0.003474
2025-11-12 11:21:58,NIFTY,18-Nov-2025,25900,12.081859,12.081806,24.163665,-14.827604,-9.705009,0.001281,0.001317,0.507893,-0.492019,10.14,182741,1,96176,86565,0,0,-9611,0,-3e-05,-3e-05,-6e-05
2025-11-12 11:22:59,NIFTY,18-Nov-2025,25900,12.08154,12.081525,24.163065,-14.663626,-9.818117,0.001298,0.001305,0.508975,-0.491004,10.115,184144,1,95204,88940,-972,2375,-6264,3347,-0.000319,-0.000281,-0.0006
2025-11-12 11:24:00,NIFTY,18-Nov-2025,25900,12.081903,12.081852,24.163755,-14.82673,-9.692065,0.001281,0.001318,0.507701,-0.492213,10.135,184144,1,95204,88940,0,0,-6264,0,0.000363,0.000327,0.00069
2025-11-12 11:25:01,NIFTY,18-Nov-2025,25900,12.081218,12.081082,24.162301,-14.836754,-9.642173,0.001281,0.001324,0.509942,-0.489879,10.11,184144,1,95204,88940,0,0,-6264,0,-0.000685,-0.00077,-0.001454
2025-11-12 11:26:02,NIFTY,18-Nov-2025,25900,12.08002,12.079984,24.160004,-14.678242,-9.832799,0.001298,0.001304,0.512351,-0.487612,10.115,184044,1,92780,91264,-2424,2324,-1516,4748,-0.001198,-0.001098,-0.002297
2025-11-12 11:27:03,NIFTY,18-Nov-2025,25900,12.08002,12.079984,24.160004,-14.678242,-9.832799,0.001298,0.001304,0.512351,-0.487612,10.115,184044,1,92780,91264,0,0,-1516,0,0.0,0.0,0.0
2025-11-12 11:28:04,NIFTY,18-Nov-2025,25900,12.077547,12.07708,24.154626,-14.861477,-9.667666,0.00128,0.001324,0.515896,-0.483722,10.11,184044,1,92780,91264,0,0,-1516,0,-0.002473,-0.002904,-0.005378
2025-11-12 11:28:58,NIFTY,18-Nov-2025,25900,12.077547,12.07708,24.154626,-14.861477,-9.667666,0.00128,0.001324,0.515896,-0.483722,10.11,184044,1,92780,91264,0,0,-1516,0,0.0,0.0,0.0
2025-11-12 11:29:59,NIFTY,18-Nov-2025,25900,12.077547,12.07708,24.154626,-14.861477,-9.667666,0.00128,0.001324,0.515896,-0.483722,10.11,184044,1,92780,91264,0,0,-1516,0,0.0,0.0,0.0
2025-11-12 11:30:58,NIFTY,18-Nov-2025,25900,12.076285,12.075712,24.151997,-14.866919,-9.673276,0.00128,0.001323,0.517303,-0.482266,10.11,186264,1,93641,92623,861,1359,-1018,498,-0.001262,-0.001368,-0.002629
2025-11-12 11:31:59,NIFTY,18-Nov-2025,25900,12.076285,12.075712,24.151997,-14.866919,-9.673276,0.00128,0.001323,0.517303,-0.482266,10.11,186264,1,93641,92623,0,0,-1018,0,0.0,0.0,0.0
2025-11-12 11:33:00,NIFTY,18-Nov-2025,25900,12.077707,12.077254,24.154961,-14.860723,-9.666888,0.00128,0.001324,0.515704,-0.483921,10.11,187370,1,94312,93058,671,435,-1254,-236,0.001422,0.001542,0.002964
2025-11-12 11:34:01,NIFTY,18-Nov-2025,25900,12.077421,12.077607,24.155028,-14.548044,-9.930965,0.001313,0.001295,0.515922,-0.484232,10.09,187370,1,94312,93058,0,0,-1254,0,-0.000286,0.000353,6.7e-05
2025-11-12 11:35:02,NIFTY,18-Nov-2025,25900,12.077421,12.077607,24.155028,-14.548044,-9.930965,0.001313,0.001295,0.515922,-0.484232,10.09,187370,1,94312,93058,0,0,-1254,0,0.0,0.0,0.0
2025-11-12 11:36:03,NIFTY,18-Nov-2025,25900,12.074062,12.074357,24.148419,-14.561019,-9.943779,0.001312,0.001294,0.519336,-0.480866,10.09,188763,1,93841,94922,-471,1864,1081,2335,-0.003359,-0.00325,-0.006609
2025-11-12 11:37:04,NIFTY,18-Nov-2025,25900,12.074062,12.074357,24.148419,-14.561019,-9.943779,0.001312,0.001294,0.519336,-0.480866,10.09,188763,1,93841,94922,0,0,1081,0,0.0,0.0,0.0
2025-11-12 11:38:05,NIFTY,18-Nov-2025,25900,12.073693,12.073999,24.147692,-14.56222,-9.944965,0.001312,0.001294,0.519664,-0.480542,10.09,188763,1,93841,94922,0,0,1081,0,-0.000369,-0.000358,-0.000727
2025-11-12 11:39:06,NIFTY,18-Nov-2025,25900,12.056921,12.057738,24.114659,-14.59721,-9.979528,0.00131,0.001292,0.530481,-0.469874,10.09,186191,1,88208,97983,-5633,3061,9775,8694,-0.016772,-0.016261,-0.033033
2025-11-12 11:40:07,NIFTY,18-Nov-2025,25900,12.070354,12.070765,24.141119,-14.571753,-9.95438,0.001312,0.001294,0.522354,-0.477889,10.09,186191,1,88208,97983,0,0,9775,0,0.013433,0.013027,0.02646
2025-11-12 11:41:08,NIFTY,18-Nov-2025,25900,12.068241,12.068717,24.136958,-14.576858,-9.959423,0.001311,0.001293,0.523862,-0.476402,10.09,186191,1,88208,97983,0,0,9775,0,-0.002113,-0.002048,-0.004161
2025-11-12 11:42:09,NIFTY,18-Nov-2025,25900,12.065645,12.0662,24.131845,-14.582419,-9.964916,0.001311,0.001293,0.525567,-0.47472,10.09,192364,1,88208,104156,0,6173,15948,6173,-0.002596,-0.002517,-0.005113
2025-11-12 11:43:10,NIFTY,18-Nov-2025,25900,12.065645,12.0662,24.131845,-14.582419,-9.964916,0.001311,0.001293,0.525567,-0.47472,10.09,191319,1,87163,104156,-1045,0,16993,1045,0.0,0.0,0.0
2025-11-12 11:44:11,NIFTY,18-Nov-2025,25900,12.065645,12.0662,24.131845,-14.582419,-9.964916,0.001311,0.001293,0.525567,-0.47472,10.09,191319,1,87163,104156,0,0,16993,0,0.0,0.0,0.0
2025-11-12 11:44:58,NIFTY,18-Nov-2025,25900,12.069907,12.070509,24.140416,-14.536676,-9.991255,0.001316,0.00129,0.52267,-0.477682,10.09,190379,1,86893,103486,-270,-670,16593,-400,0.004262,0.004309,0.008571
2025-11-12 11:45:58,NIFTY,18-Nov-2025,25900,12.069726,12.070336,24.140062,-14.537125,-9.991697,0.001316,0.00129,0.522801,-0.477553,10.09,190379,1,86893,103486,0,0,16593,0,-0.000181,-0.000173,-0.000354
2025-11-12 11:46:59,NIFTY,18-Nov-2025,25900,12.064888,12.065708,24.130596,-14.547722,-10.002109,0.001315,0.001289,0.526024,-0.474394,10.09,190379,1,86893,103486,0,0,16593,0,-0.004838,-0.004628,-0.009466
2025-11-12 11:48:00,NIFTY,18-Nov-2025,25900,12.064888,12.065708,24.130596,-14.547722,-10.002109,0.001315,0.001289,0.526024,-0.474394,10.09,190379,1,86893,103486,0,0,16593,0,0.0,0.0,0.0
2025-11-12 11:49:01,NIFTY,18-Nov-2025,25900,12.063804,12.064671,24.128475,-14.549787,-10.004139,0.001315,0.001289,0.526681,-0.47375,10.09,194382,1,88101,106281,1208,2795,18180,1587,-0.001084,-0.001037,-0.002121
2025-11-12 11:50:02,NIFTY,18-Nov-2025,25900,12.050155,12.051599,24.101755,-14.569812,-10.023822,0.001313,0.001287,0.533709,-0.466858,10.09,195860,1,88513,107347,412,1066,18834,654,-0.013649,-0.013072,-0.02672
2025-11-12 11:51:03,NIFTY,18-Nov-2025,25900,12.050155,12.051599,24.101755,-14.569812,-10.023822,0.001313,0.001287,0.533709,-0.466858,10.09,195860,1,88513,107347,0,0,18834,0,0.0,0.0,0.0
2025-11-12 11:52:04,NIFTY,18-Nov-2025,25900,12.050155,12.051599,24.101755,-14.569812,-10.023822,0.001313,0.001287,0.533709,-0.466858,10.09,195860,1,88513,107347,0,0,18834,0,0.0,0.0,0.0
2025-11-12 11:52:58,NIFTY,18-Nov-2025,25900,12.058396,12.059493,24.117888,-14.55886,-10.013055,0.001314,0.001288,0.529704,-0.470786,10.09,199772,1,91297,108475,2784,1128,17178,-1656,0.008241,0.007894,0.016133
2025-11-12 11:53:59,NIFTY,18-Nov-2025,25900,12.058396,12.059493,24.117888,-14.55886,-10.013055,0.001314,0.001288,0.529704,-0.470786,10.09,195860,1,88513,107347,-2784,-1128,18834,1656,0.0,0.0,0.0
2025-11-12 11:55:00,NIFTY,18-Nov-2025,25900,12.064741,12.065889,24.13063,-14.475621,-10.025877,0.001323,0.001287,0.526087,-0.474499,10.07,199772,1,91297,108475,2784,1128,17178,-1656,0.006345,0.006396,0.012742
2025-11-12 11:56:01,NIFTY,18-Nov-2025,25900,12.057544,12.059119,24.116663,-14.487787,-10.037751,0.001322,0.001286,0.530119,-0.470576,10.07,203615,1,92157,111458,860,2983,19301,2123,-0.007197,-0.00677,-0.013967
2025-11-12 11:57:02,NIFTY,18-Nov-2025,25900,12.058808,12.060309,24.119117,-14.485878,-10.035887,0.001322,0.001286,0.529459,-0.471219,10.07,203615,1,92157,111458,0,0,19301,0,0.001264,0.00119,0.002454
2025-11-12 11:58:03,NIFTY,18-Nov-2025,25900,12.058808,12.060309,24.119117,-14.485878,-10.035887,0.001322,0.001286,0.529459,-0.471219,10.07,203615,1,92157,111458,0,0,19301,0,0.0,0.0,0.0
2025-11-12 11:58:58,NIFTY,18-Nov-2025,25900,12.051872,12.05378,24.105652,-14.495444,-10.045226,0.001321,0.001285,0.532894,-0.467877,10.07,203615,1,92157,111458,0,0,19301,0,-0.006936,-0.006529,-0.013465
2025-11-12 11:59:58,NIFTY,18-Nov-2025,25900,12.044676,12.047002,24.091678,-14.503477,-10.05307,0.00132,0.001284,0.536063,-0.464795,10.07,204266,1,92945,111321,788,-137,18376,-925,-0.007196,-0.006778,-0.013974
2025-11-12 12:00:58,NIFTY,18-Nov-2025,25900,12.044676,12.047002,24.091678,-14.503477,-10.05307,0.00132,0.001284,0.536063,-0.464795,10.07,204266,1,92945,111321,0,0,18376,0,0.0,0.0,0.0
2025-11-12 12:01:59,NIFTY,18-Nov-2025,25900,12.044676,12.047002,24.091678,-14.503477,-10.05307,0.00132,0.001284,0.536063,-0.464795,10.07,204266,1,92945,111321,0,0,18376,0,0.0,0.0,0.0
2025-11-12 12:02:58,NIFTY,18-Nov-2025,25900,12.057544,12.059119,24.116663,-14.487787,-10.037751,0.001322,0.001286,0.530119,-0.470576,10.07,202188,1,88919,113269,-4026,1948,24350,5974,0.012868,0.012117,0.024985
2025-11-12 12:03:58,NIFTY,18-Nov-2025,25900,12.074538,12.074292,24.14883,-14.752613,-9.823253,0.001292,0.001307,0.518977,-0.480853,10.12,202188,1,88919,113269,0,0,24350,0,0.016994,0.015173,0.032167
2025-11-12 12:04:58,NIFTY,18-Nov-2025,25900,12.074538,12.074292,24.14883,-14.752613,-9.823253,0.001292,0.001307,0.518977,-0.480853,10.12,202188,1,88919,113269,0,0,24350,0,0.0,0.0,0.0
2025-11-12 12:05:59,NIFTY,18-Nov-2025,25900,12.074538,12.074292,24.14883,-14.752613,-9.823253,0.001292,0.001307,0.518977,-0.480853,10.12,202188,1,88919,113269,0,0,24350,0,0.0,0.0,0.0
2025-11-12 12:07:00,NIFTY,18-Nov-2025,25900,12.073305,12.073025,24.14633,-14.756615,-9.827298,0.001292,0.001307,0.520075,-0.479742,10.12,202207,1,85913,116294,-3006,3025,30381,6031,-0.001233,-0.001267,-0.0025
2025-11-12 12:08:01,NIFTY,18-Nov-2025,25900,12.071409,12.071077,24.142486,-14.762105,-9.832847,0.001291,0.001307,0.521625,-0.478174,10.12,202207,1,85913,116294,0,0,30381,0,-0.001896,-0.001948,-0.003844
2025-11-12 12:09:02,NIFTY,18-Nov-2025,25900,12.068691,12.068284,24.136975,-14.76892,-9.839734,0.001291,0.001306,0.523626,-0.476149,10.12,204521,1,86149,118372,236,2078,32223,1842,-0.002718,-0.002793,-0.005511
2025-11-12 12:10:03,NIFTY,18-Nov-2025,25900,12.068224,12.067805,24.136029,-14.76999,-9.840815,0.001291,0.001306,0.523949,-0.475822,10.12,204521,1,86149,118372,0,0,32223,0,-0.000467,-0.000479,-0.000946
2025-11-12 12:11:04,NIFTY,18-Nov-2025,25900,12.070132,12.069765,24.139896,-14.765442,-9.836219,0.001291,0.001306,0.522593,-0.477194,10.12,204521,1,86149,118372,0,0,32223,0,0.001908,0.00196,0.003867
2025-11-12 12:12:05,NIFTY,18-Nov-2025,25900,12.070132,12.069765,24.139896,-14.765442,-9.836219,0.001291,0.001306,0.522593,-0.477194,10.12,204521,1,86149,118372,0,0,32223,0,0.0,0.0,0.0
2025-11-12 12:13:06,NIFTY,18-Nov-2025,25900,12.051807,12.050956,24.102763,-14.796819,-9.867924,0.001288,0.001304,0.53304,-0.466622,10.12,207529,1,86310,121219,161,2847,34909,2686,-0.018325,-0.018809,-0.037133
2025-11-12 12:14:07,NIFTY,18-Nov-2025,25900,12.051807,12.050956,24.102763,-14.796819,-9.867924,0.001288,0.001304,0.53304,-0.466622,10.12,207529,1,86310,121219,0,0,34909,0,0.0,0.0,0.0
2025-11-12 12:15:08,NIFTY,18-Nov-2025,25900,12.066107,12.065101,24.131208,-14.846933,-9.762006,0.001283,0.001315,0.525376,-0.474108,10.115,207763,1,87823,119940,1513,-1279,32117,-2792,0.0143,0.014145,0.028445
2025-11-12 12:16:09,NIFTY,18-Nov-2025,25900,12.066506,12.065523,24.132029,-14.846113,-9.761168,0.001283,0.001315,0.525119,-0.474371,10.115,207763,1,87823,119940,0,0,32117,0,0.000399,0.000422,0.000821
2025-11-12 12:17:10,NIFTY,18-Nov-2025,25900,12.072451,12.071808,24.144259,-14.831613,-9.746345,0.001284,0.001316,0.52082,-0.478778,10.115,207763,1,87823,119940,0,0,32117,0,0.005945,0.006285,0.01223
2025-11-12 12:18:11,NIFTY,18-Nov-2025,25900,12.072451,12.071808,24.144259,-14.831613,-9.746345,0.001284,0.001316,0.52082,-0.478778,10.115,207763,1,87823,119940,0,0,32117,0,0.0,0.0,0.0
2025-11-12 12:18:58,NIFTY,18-Nov-2025,25900,12.074931,12.074433,24.149364,-14.8237,-9.738255,0.001284,0.001316,0.518637,-0.481015,10.115,209452,1,86758,122694,-1065,2754,35936,3819,0.00248,0.002625,0.005105
2025-11-12 12:19:58,NIFTY,18-Nov-2025,25900,12.073809,12.073245,24.147054,-14.82747,-9.74211,0.001284,0.001316,0.519664,-0.479962,10.115,212249,1,88191,124058,1433,1364,35867,-69,-0.001122,-0.001188,-0.00231
2025-11-12 12:20:59,NIFTY,18-Nov-2025,25900,12.073809,12.073245,24.147054,-14.82747,-9.74211,0.001284,0.001316,0.519664,-0.479962,10.115,212249,1,88191,124058,0,0,35867,0,0.0,0.0,0.0
2025-11-12 12:22:00,NIFTY,18-Nov-2025,25900,12.073809,12.073245,24.147054,-14.82747,-9.74211,0.001284,0.001316,0.519664,-0.479962,10.115,212249,1,88191,124058,0,0,35867,0,0.0,0.0,0.0
2025-11-12 12:23:01,NIFTY,18-Nov-2025,25900,12.073809,12.073245,24.147054,-14.82747,-9.74211,0.001284,0.001316,0.519664,-0.479962,10.115,212249,1,88191,124058,0,0,35867,0,0.0,0.0,0.0
2025-11-12 12:24:02,NIFTY,18-Nov-2025,25900,12.074863,12.074362,24.149224,-14.823938,-9.738498,0.001284,0.001316,0.518701,-0.480949,10.115,214137,1,89182,124955,991,897,35773,-94,0.001054,0.001117,0.00217
2025-11-12 12:24:57,NIFTY,18-Nov-2025,25900,12.069588,12.069525,24.139113,-14.658161,-9.848876,0.001303,0.001305,0.522948,-0.477016,10.08,214137,1,89182,124955,0,0,35773,0,-0.005275,-0.004837,-0.010111
2025-11-12 12:25:58,NIFTY,18-Nov-2025,25900,12.069588,12.069525,24.139113,-14.658161,-9.848876,0.001303,0.001305,0.522948,-0.477016,10.08,214137,1,89182,124955,0,0,35773,0,0.0,0.0,0.0
2025-11-12 12:26:57,NIFTY,18-Nov-2025,25900,12.067452,12.067524,24.134976,-14.638961,-9.877639,0.001305,0.001302,0.524419,-0.47562,10.08,211550,1,88915,122635,-267,-2320,33720,-2053,-0.002136,-0.002001,-0.004137
2025-11-12 12:27:57,NIFTY,18-Nov-2025,25900,12.0648,12.064884,24.129684,-14.644412,-9.88308,0.001304,0.001302,0.526115,-0.473927,10.08,211550,1,88915,122635,0,0,33720,0,-0.002652,-0.00264,-0.005292
2025-11-12 12:28:57,NIFTY,18-Nov-2025,25900,12.0648,12.064884,24.129684,-14.644412,-9.88308,0.001304,0.001302,0.526115,-0.473927,10.08,211550,1,88915,122635,0,0,33720,0,0.0,0.0,0.0
2025-11-12 12:29:58,NIFTY,18-Nov-2025,25900,12.062593,12.062499,24.125092,-14.672612,-9.863354,0.001301,0.001304,0.52744,-0.472515,10.08,212022,1,89008,123014,93,379,34006,286,-0.002207,-0.002385,-0.004592
2025-11-12 12:30:58,NIFTY,18-Nov-2025,25900,12.062593,12.062499,24.125092,-14.672612,-9.863354,0.001301,0.001304,0.52744,-0.472515,10.08,212022,1,89008,123014,0,0,34006,0,0.0,0.0,0.0
2025-11-12 12:31:58,NIFTY,18-Nov-2025,25900,12.062593,12.062499,24.125092,-14.672612,-9.863354,0.001301,0.001304,0.52744,-0.472515,10.08,212022,1,89008,123014,0,0,34006,0,0.0,0.0,0.0
2025-11-12 12:32:58,NIFTY,18-Nov-2025,25900,12.051171,12.051028,24.102199,-14.689119,-9.879889,0.0013,0.001302,0.533292,-0.466651,10.08,210283,1,87283,123000,-1725,-14,35717,1711,-0.011422,-0.011471,-0.022893
2025-11-12 12:33:59,NIFTY,18-Nov-2025,25900,12.051171,12.051028,24.102199,-14.689119,-9.879889,0.0013,0.001302,0.533292,-0.466651,10.08,210283,1,87283,123000,0,0,35717,0,0.0,0.0,0.0
2025-11-12 12:35:00,NIFTY,18-Nov-2025,25900,12.047915,12.045573,24.093488,-14.909689,-9.777489,0.001276,0.001313,0.534836,-0.464291,10.125,210504,1,86955,123549,-328,549,36594,877,-0.003256,-0.005455,-0.008711
2025-11-12 12:36:01,NIFTY,18-Nov-2025,25900,12.042747,12.039217,24.081964,-14.975043,-9.735357,0.00127,0.001318,0.53704,-0.461728,10.13,210504,1,86955,123549,0,0,36594,0,-0.005168,-0.006356,-0.011524
2025-11-12 12:37:02,NIFTY,18-Nov-2025,25900,12.041037,12.038259,24.079296,-14.916378,-9.78434,0.001276,0.001312,0.537707,-0.461337,10.125,210504,1,86955,123549,0,0,36594,0,-0.00171,-0.000958,-0.002668
2025-11-12 12:38:03,NIFTY,18-Nov-2025,25900,12.041037,12.038259,24.079296,-14.916378,-9.78434,0.001276,0.001312,0.537707,-0.461337,10.125,210504,1,86955,123549,0,0,36594,0,0.0,0.0,0.0
2025-11-12 12:39:04,NIFTY,18-Nov-2025,25900,12.022563,12.018631,24.041194,-14.929458,-9.797725,0.001273,0.00131,0.544398,-0.454454,10.125,213706,1,87957,125749,1002,2200,37792,1198,-0.018474,-0.019628,-0.038102
2025-11-12 12:39:58,NIFTY,18-Nov-2025,25900,12.024343,12.019289,24.043633,-14.98856,-9.749289,0.001267,0.001315,0.543826,-0.454685,10.13,213706,1,87957,125749,0,0,37792,0,0.00178,0.000658,0.002439
2025-11-12 12:40:58,NIFTY,18-Nov-2025,25900,11.982618,11.974165,23.956783,-15.003675,-9.764802,0.001262,0.001309,0.555966,-0.442088,10.13,213706,1,87957,125749,0,0,37792,0,-0.041725,-0.045124,-0.08685
2025-11-12 12:41:58,NIFTY,18-Nov-2025,25900,11.992929,11.985311,23.97824,-15.001307,-9.762383,0.001263,0.001311,0.553252,-0.444904,10.13,208902,1,81991,126911,-5966,1162,44920,7128,0.010311,0.011146,0.021457
2025-11-12 12:42:58,NIFTY,18-Nov-2025,25900,11.982799,11.976416,23.959215,-14.943725,-9.812277,0.001268,0.001304,0.555896,-0.442626,10.125,208902,1,81991,126911,0,0,44920,0,-0.01013,-0.008895,-0.019025
2025-11-12 12:43:57,NIFTY,18-Nov-2025,25900,11.992929,11.985311,23.97824,-15.001307,-9.762383,0.001263,0.001311,0.553252,-0.444904,10.13,208902,1,81991,126911,0,0,44920,0,0.01013,0.008895,0.019025
2025-11-12 12:44:57,NIFTY,18-Nov-2025,25900,11.987492,11.962671,23.950163,-15.733881,-9.623029,0.001192,0.001324,0.554984,-0.439389,10.375,214849,1,81368,133481,-623,6570,52113,7193,-0.005437,-0.02264,-0.028077
2025-11-12 12:45:57,NIFTY,18-Nov-2025,25900,11.985953,11.964229,23.950182,-15.638242,-9.694593,0.0012,0.001316,0.555349,-0.439727,10.365,214849,1,81368,133481,0,0,52113,0,-0.001539,0.001558,1.9e-05
2025-11-12 12:46:58,NIFTY,18-Nov-2025,25900,11.995483,11.972651,23.968134,-15.73233,-9.621403,0.001193,0.001325,0.552838,-0.441773,10.375,214849,1,81368,133481,0,0,52113,0,0.00953,0.008422,0.017952
2025-11-12 12:47:59,NIFTY,18-Nov-2025,25900,11.995483,11.972651,23.968134,-15.73233,-9.621403,0.001193,0.001325,0.552838,-0.441773,10.375,214849,1,81368,133481,0,0,52113,0,0.0,0.0,0.0
2025-11-12 12:49:00,NIFTY,18-Nov-2025,25900,11.995048,11.972108,23.967156,-15.732426,-9.621505,0.001193,0.001325,0.552957,-0.44164,10.375,215502,1,79231,136271,-2137,2790,57040,4927,-0.000435,-0.000543,-0.000978
2025-11-12 12:50:01,NIFTY,18-Nov-2025,25900,11.996694,11.977275,23.973969,-15.63608,-9.692337,0.001202,0.001317,0.552467,-0.442887,10.365,215502,1,79231,136271,0,0,57040,0,0.001646,0.005167,0.006813
2025-11-12 12:51:02,NIFTY,18-Nov-2025,25900,11.999067,11.980159,23.979226,-15.635487,-9.691712,0.001202,0.001318,0.551806,-0.443611,10.365,219005,1,80130,138875,899,2604,58745,1705,0.002373,0.002884,0.005257
2025-11-12 12:52:03,NIFTY,18-Nov-2025,25900,11.99956,11.977745,23.977306,-15.731354,-9.620372,0.001193,0.001326,0.551704,-0.443032,10.375,219005,1,80130,138875,0,0,58745,0,0.000493,-0.002414,-0.00192
2025-11-12 12:53:04,NIFTY,18-Nov-2025,25900,12.01121,11.99231,24.00352,-15.72778,-9.616555,0.001195,0.001328,0.548302,-0.446812,10.375,219005,1,80130,138875,0,0,58745,0,0.01165,0.014565,0.026214
2025-11-12 12:54:08,NIFTY,18-Nov-2025,25900,12.02556,12.011187,24.036747,-15.541019,-9.513158,0.001213,0.001341,0.543628,-0.452243,10.26,221590,1,78304,143286,-1826,4411,64982,6237,0.01435,0.018877,0.033227
2025-11-12 12:55:08,NIFTY,18-Nov-2025,25900,12.025802,12.013289,24.039091,-15.456704,-9.572191,0.001221,0.001334,0.543513,-0.452863,10.25,221590,1,78304,143286,0,0,64982,0,0.000242,0.002102,0.002344
2025-11-12 12:56:09,NIFTY,18-Nov-2025,25900,12.02556,12.011187,24.036747,-15.541019,-9.513158,0.001213,0.001341,0.543628,-0.452243,10.26,221590,1,78304,143286,0,0,64982,0,-0.000242,-0.002102,-0.002344
